task,fold_id,model,catalyst_id,temperature_c,observed,predicted
interior_cell,A1_275,local_baseline,A1,275.0,2.1902991652609485,3.8651344320078715
interior_cell,A1_275,temperature_only,A1,275.0,2.1902991652609485,0.47601865740108185
interior_cell,A1_275,shared_combination_curve,A1,275.0,2.1902991652609485,3.164838879387823
interior_cell,A1_275,factor_surface,A1,275.0,2.1902991652609485,2.146271467435362
interior_cell,A1_300,local_baseline,A1,300.0,7.026397666433001,5.985967318151107
interior_cell,A1_300,temperature_only,A1,300.0,7.026397666433001,1.5510368251003497
interior_cell,A1_300,shared_combination_curve,A1,300.0,7.026397666433001,5.671355243065777
interior_cell,A1_300,factor_surface,A1,300.0,7.026397666433001,5.762346171215196
interior_cell,A1_325,local_baseline,A1,325.0,9.781635471041264,12.20007888928431
interior_cell,A1_325,temperature_only,A1,325.0,9.781635471041264,3.9738006507752086
interior_cell,A1_325,shared_combination_curve,A1,325.0,9.781635471041264,11.364039941455104
interior_cell,A1_325,factor_surface,A1,325.0,9.781635471041264,10.575430160972171
interior_cell,A10_275,local_baseline,A10,275.0,0.0167549815623875,0.02178233712660655
interior_cell,A10_275,temperature_only,A10,275.0,0.0167549815623875,0.5071233834295903
interior_cell,A10_275,shared_combination_curve,A10,275.0,0.0167549815623875,-0.3007625511507719
interior_cell,A10_275,factor_surface,A10,275.0,0.0167549815623875,-1.4360576160843879
interior_cell,A10_300,local_baseline,A10,300.0,0.0365574633992634,0.110377237932493
interior_cell,A10_300,temperature_only,A10,300.0,0.0365574633992634,1.6603617590899882
interior_cell,A10_300,shared_combination_curve,A10,300.0,0.0365574633992634,-1.728196463001729
interior_cell,A10_300,factor_surface,A10,300.0,0.0365574633992634,-1.579856490478746
interior_cell,A10_350,local_baseline,A10,350.0,0.297621750672704,1.489460136149921
interior_cell,A10_350,temperature_only,A10,350.0,0.297621750672704,8.013669831403949
interior_cell,A10_350,shared_combination_curve,A10,350.0,0.297621750672704,-0.5129057911721917
interior_cell,A10_350,factor_surface,A10,350.0,0.297621750672704,1.6021316915337227
interior_cell,A11_275,local_baseline,A11,275.0,0.0051631204222278,0.0147425760438517
interior_cell,A11_275,temperature_only,A11,275.0,0.0051631204222278,0.5072892699423353
interior_cell,A11_275,shared_combination_curve,A11,275.0,0.0051631204222278,-0.2820698881611037
interior_cell,A11_275,factor_surface,A11,275.0,0.0051631204222278,-1.110944367822456
interior_cell,A11_300,local_baseline,A11,300.0,0.0292574605332436,0.12245200662282658
interior_cell,A11_300,temperature_only,A11,300.0,0.0292574605332436,1.6604759351381162
interior_cell,A11_300,shared_combination_curve,A11,300.0,0.0292574605332436,-1.7690723526476564
interior_cell,A11_300,factor_surface,A11,300.0,0.0292574605332436,-2.051880293724232
interior_cell,A11_350,local_baseline,A11,350.0,0.3570297790240241,1.3069609305945262
interior_cell,A11_350,temperature_only,A11,350.0,0.3570297790240241,8.012465365207117
interior_cell,A11_350,shared_combination_curve,A11,350.0,0.3570297790240241,-0.6989560700700164
interior_cell,A11_350,factor_surface,A11,350.0,0.3570297790240241,-0.16176338003761348
interior_cell,A12_275,local_baseline,A12,275.0,0.2817114251791775,0.43237387797959115
interior_cell,A12_275,temperature_only,A12,275.0,0.2817114251791775,0.5033316971827695
interior_cell,A12_275,shared_combination_curve,A12,275.0,0.2817114251791775,-0.04875590385141759
interior_cell,A12_275,factor_surface,A12,275.0,0.2817114251791775,0.6419696324801647
interior_cell,A12_300,local_baseline,A12,300.0,0.7757942895258205,1.665300103046655
interior_cell,A12_300,temperature_only,A12,300.0,0.7757942895258205,1.6487996897333899
interior_cell,A12_300,shared_combination_curve,A12,300.0,0.7757942895258205,0.9054921089478505
interior_cell,A12_300,factor_surface,A12,300.0,0.7757942895258205,1.4267598036480997
interior_cell,A12_350,local_baseline,A12,350.0,4.4324774587816105,8.470993607188642
interior_cell,A12_350,temperature_only,A12,350.0,4.4324774587816105,7.929837829780495
interior_cell,A12_350,shared_combination_curve,A12,350.0,4.4324774587816105,6.3524306230575345
interior_cell,A12_350,factor_surface,A12,350.0,4.4324774587816105,6.1682958694981815
interior_cell,A13_275,local_baseline,A13,275.0,0.1756757460420076,0.2940039689285576
interior_cell,A13_275,temperature_only,A13,275.0,0.1756757460420076,0.5048491315986627
interior_cell,A13_275,shared_combination_curve,A13,275.0,0.1756757460420076,-0.05316745860292471
interior_cell,A13_275,factor_surface,A13,275.0,0.1756757460420076,0.6864467295460646
interior_cell,A13_300,local_baseline,A13,300.0,0.5181013139844182,1.2618694341611134
interior_cell,A13_300,temperature_only,A13,300.0,0.5181013139844182,1.6528301491891657
interior_cell,A13_300,shared_combination_curve,A13,300.0,0.5181013139844182,0.022686120411967714
interior_cell,A13_300,factor_surface,A13,300.0,0.5181013139844182,1.4645881711941335
interior_cell,A13_350,local_baseline,A13,350.0,3.4342568103993254,5.847631040321106
interior_cell,A13_350,temperature_only,A13,350.0,3.4342568103993254,7.950076222828075
interior_cell,A13_350,shared_combination_curve,A13,350.0,3.4342568103993254,3.759653704715592
interior_cell,A13_350,factor_surface,A13,350.0,3.4342568103993254,6.232491794563119
interior_cell,A14_275,local_baseline,A14,275.0,0.1360382966378235,0.2068001618346673
interior_cell,A14_275,temperature_only,A14,275.0,0.1360382966378235,0.5054163673665997
interior_cell,A14_275,shared_combination_curve,A14,275.0,0.1360382966378235,-0.26409243373213886
interior_cell,A14_275,factor_surface,A14,275.0,0.1360382966378235,0.6173482812235873
interior_cell,A14_300,local_baseline,A14,300.0,0.3664885088935588,0.9582437355980273
interior_cell,A14_300,temperature_only,A14,300.0,0.3664885088935588,1.6552014566049413
interior_cell,A14_300,shared_combination_curve,A14,300.0,0.3664885088935588,-0.053487603220202296
interior_cell,A14_300,factor_surface,A14,300.0,0.3664885088935588,1.4329820469265746
interior_cell,A14_350,local_baseline,A14,350.0,2.6026546135184345,6.1613453946132655
interior_cell,A14_350,temperature_only,A14,350.0,2.6026546135184345,7.966936515336537
interior_cell,A14_350,shared_combination_curve,A14,350.0,2.6026546135184345,4.127358464738408
interior_cell,A14_350,factor_surface,A14,350.0,2.6026546135184345,6.309469480412958
interior_cell,A2_275,local_baseline,A2,275.0,2.9713891232742857,4.230260840061671
interior_cell,A2_275,temperature_only,A2,275.0,2.9713891232742857,0.4648407897829161
interior_cell,A2_275,shared_combination_curve,A2,275.0,2.9713891232742857,4.494372370648093
interior_cell,A2_275,factor_surface,A2,275.0,2.9713891232742857,1.6800417188620695
interior_cell,A2_300,local_baseline,A2,300.0,7.628760079778667,10.117849223328534
interior_cell,A2_300,temperature_only,A2,300.0,7.628760079778667,1.5416155466212995
interior_cell,A2_300,shared_combination_curve,A2,300.0,7.628760079778667,9.563384028509152
interior_cell,A2_300,factor_surface,A2,300.0,7.628760079778667,5.093355448138205
interior_cell,A2_325,local_baseline,A2,325.0,17.264309323382783,17.084782358158947
interior_cell,A2_325,temperature_only,A2,325.0,17.264309323382783,3.822736918860725
interior_cell,A2_325,shared_combination_curve,A2,325.0,17.264309323382783,14.573606859450745
interior_cell,A2_325,factor_surface,A2,325.0,17.264309323382783,9.33188112843918
interior_cell,A3_275,local_baseline,A3,275.0,1.5466496040026507,2.7536401188220423
interior_cell,A3_275,temperature_only,A3,275.0,1.5466496040026507,0.4852296701844736
interior_cell,A3_275,shared_combination_curve,A3,275.0,1.5466496040026507,3.9301108938307165
interior_cell,A3_275,factor_surface,A3,275.0,1.5466496040026507,2.577917222743593
interior_cell,A3_300,local_baseline,A3,300.0,4.975464725007,6.169695787267475
interior_cell,A3_300,temperature_only,A3,300.0,4.975464725007,1.5831145410317191
interior_cell,A3_300,shared_combination_curve,A3,300.0,4.975464725007,7.106775443847006
interior_cell,A3_300,factor_surface,A3,300.0,4.975464725007,6.359149673223627
interior_cell,A3_325,local_baseline,A3,325.0,10.7927419705323,11.504382838975104
interior_cell,A3_325,temperature_only,A3,325.0,10.7927419705323,3.9533879581749147
interior_cell,A3_325,shared_combination_curve,A3,325.0,10.7927419705323,11.249233851677246
interior_cell,A3_325,factor_surface,A3,325.0,10.7927419705323,11.132578371705591
interior_cell,A3_350,local_baseline,A3,350.0,18.03330095294321,22.10451457238723
interior_cell,A3_350,temperature_only,A3,350.0,18.03330095294321,7.654088362874826
interior_cell,A3_350,shared_combination_curve,A3,350.0,18.03330095294321,16.473300940505183
interior_cell,A3_350,factor_surface,A3,350.0,18.03330095294321,16.922645714679202
interior_cell,A3_400,local_baseline,A3,400.0,44.72805977609709,30.57587131017506
interior_cell,A3_400,temperature_only,A3,400.0,44.72805977609709,18.209794599899084
interior_cell,A3_400,shared_combination_curve,A3,400.0,44.72805977609709,26.33142857502492
interior_cell,A3_400,factor_surface,A3,400.0,44.72805977609709,30.258593531416622
interior_cell,A4_275,local_baseline,A4,275.0,1.0428267280231072,1.773276558980948
interior_cell,A4_275,temperature_only,A4,275.0,1.0428267280231072,0.4924396789074468
interior_cell,A4_275,shared_combination_curve,A4,275.0,1.0428267280231072,0.8252852200105636
interior_cell,A4_275,factor_surface,A4,275.0,1.0428267280231072,2.455669371051261
interior_cell,A4_300,local_baseline,A4,300.0,3.1598876726229275,4.613518359677669
interior_cell,A4_300,temperature_only,A4,300.0,3.1598876726229275,1.6115111617897773
interior_cell,A4_300,shared_combination_curve,A4,300.0,3.1598876726229275,5.495569364016678
interior_cell,A4_300,factor_surface,A4,300.0,3.1598876726229275,6.31531878064325
interior_cell,A4_325,local_baseline,A4,325.0,8.184209991332231,9.818767199359398
interior_cell,A4_325,temperature_only,A4,325.0,8.184209991332231,4.006050226151882
interior_cell,A4_325,shared_combination_curve,A4,325.0,8.184209991332231,10.960309050943238
interior_cell,A4_325,factor_surface,A4,325.0,8.184209991332231,11.138788307347028
interior_cell,A4_350,local_baseline,A4,350.0,16.47764672609587,17.548746357861894
interior_cell,A4_350,temperature_only,A4,350.0,16.47764672609587,7.6856284254252145
interior_cell,A4_350,shared_combination_curve,A4,350.0,16.47764672609587,17.315132376866345
interior_cell,A4_350,factor_surface,A4,350.0,16.47764672609587,16.861497042734747
interior_cell,A5_275,local_baseline,A5,275.0,0.8261967187578618,1.1978283663173808
interior_cell,A5_275,temperature_only,A5,275.0,0.8261967187578618,0.49553978477981886
interior_cell,A5_275,shared_combination_curve,A5,275.0,0.8261967187578618,-0.2937189496499846
interior_cell,A5_275,factor_surface,A5,275.0,0.8261967187578618,2.563964748059748
interior_cell,A5_300,local_baseline,A5,300.0,2.1058279387568346,2.3776761505733814
interior_cell,A5_300,temperature_only,A5,300.0,2.1058279387568346,1.627997234071663
interior_cell,A5_300,shared_combination_curve,A5,300.0,2.1058279387568346,2.707004138778677
interior_cell,A5_300,factor_surface,A5,300.0,2.1058279387568346,6.022730905008396
interior_cell,A5_325,local_baseline,A5,325.0,3.929155582388901,4.503999495711708
interior_cell,A5_325,temperature_only,A5,325.0,3.929155582388901,4.09195326177771
interior_cell,A5_325,shared_combination_curve,A5,325.0,3.929155582388901,6.718953490715154
interior_cell,A5_325,factor_surface,A5,325.0,3.929155582388901,11.353505924989978
interior_cell,A5_350,local_baseline,A5,350.0,6.902171052666581,12.306897663667565
interior_cell,A5_350,temperature_only,A5,350.0,6.902171052666581,7.879766104915711
interior_cell,A5_350,shared_combination_curve,A5,350.0,6.902171052666581,12.235530098996577
interior_cell,A5_350,factor_surface,A5,350.0,6.902171052666581,17.33793057912832
interior_cell,A6_275,local_baseline,A6,275.0,0.907450344598929,1.1356289076638006
interior_cell,A6_275,temperature_only,A6,275.0,0.907450344598929,0.4943769964686542
interior_cell,A6_275,shared_combination_curve,A6,275.0,0.907450344598929,-0.40063767545940276
interior_cell,A6_275,factor_surface,A6,275.0,0.907450344598929,0.4572021368539483
interior_cell,A6_300,local_baseline,A6,300.0,1.829407723292543,2.584270363460878
interior_cell,A6_300,temperature_only,A6,300.0,1.829407723292543,1.6323205978298114
interior_cell,A6_300,shared_combination_curve,A6,300.0,1.829407723292543,3.442557160735609
interior_cell,A6_300,factor_surface,A6,300.0,1.829407723292543,3.4679774826217566
interior_cell,A6_350,local_baseline,A6,350.0,5.937910401184776,16.471536420874738
interior_cell,A6_350,temperature_only,A6,350.0,5.937910401184776,7.899315977077375
interior_cell,A6_350,shared_combination_curve,A6,350.0,5.937910401184776,14.944178244640876
interior_cell,A6_350,factor_surface,A6,350.0,5.937910401184776,12.955146863694255
interior_cell,A7_275,local_baseline,A7,275.0,1.9053491302678447,2.332427363982158
interior_cell,A7_275,temperature_only,A7,275.0,1.9053491302678447,0.4800964639792733
interior_cell,A7_275,shared_combination_curve,A7,275.0,1.9053491302678447,1.851513829382558
interior_cell,A7_275,factor_surface,A7,275.0,1.9053491302678447,1.2246335714683072
interior_cell,A7_300,local_baseline,A7,300.0,3.534617971394149,4.911556553356588
interior_cell,A7_300,temperature_only,A7,300.0,3.534617971394149,1.6056501744156577
interior_cell,A7_300,shared_combination_curve,A7,300.0,3.534617971394149,4.1334366397320155
interior_cell,A7_300,factor_surface,A7,300.0,3.534617971394149,2.1340966997746866
interior_cell,A7_350,local_baseline,A7,350.0,10.923971399534077,14.406866928571215
interior_cell,A7_350,temperature_only,A7,350.0,10.923971399534077,7.798226240647502
interior_cell,A7_350,shared_combination_curve,A7,350.0,10.923971399534077,12.112841675906258
interior_cell,A7_350,factor_surface,A7,350.0,10.923971399534077,6.916741669802262
interior_cell,A8_275,local_baseline,A8,275.0,0.7464857606131791,1.0870527032479176
interior_cell,A8_275,temperature_only,A8,275.0,0.7464857606131791,0.4966804965873646
interior_cell,A8_275,shared_combination_curve,A8,275.0,0.7464857606131791,0.623697202177107
interior_cell,A8_275,factor_surface,A8,275.0,0.7464857606131791,0.34934634817438326
interior_cell,A8_300,local_baseline,A8,300.0,1.8213444171452309,3.2351503813937885
interior_cell,A8_300,temperature_only,A8,300.0,1.8213444171452309,1.6324467123598572
interior_cell,A8_300,shared_combination_curve,A8,300.0,1.8213444171452309,2.7756096548234606
interior_cell,A8_300,factor_surface,A8,300.0,1.8213444171452309,1.479929515478883
interior_cell,A8_350,local_baseline,A8,350.0,8.212479622955009,12.53237653784688
interior_cell,A8_350,temperature_only,A8,350.0,8.212479622955009,7.853200295139992
interior_cell,A8_350,shared_combination_curve,A8,350.0,8.212479622955009,10.200757546397028
interior_cell,A8_350,factor_surface,A8,350.0,8.212479622955009,6.9412262917831065
interior_cell,A9_275,local_baseline,A9,275.0,0.2906489328279964,0.4361360141736387
interior_cell,A9_275,temperature_only,A9,275.0,0.2906489328279964,0.5032037960667584
interior_cell,A9_275,shared_combination_curve,A9,275.0,0.2906489328279964,-0.12515908876979953
interior_cell,A9_275,factor_surface,A9,275.0,0.2906489328279964,0.43437701244314564
interior_cell,A9_300,local_baseline,A9,300.0,0.7614013014478017,1.5794686139110279
interior_cell,A9_300,temperature_only,A9,300.0,0.7614013014478017,1.6490248039600184
interior_cell,A9_300,shared_combination_curve,A9,300.0,0.7614013014478017,0.9911316404290904
interior_cell,A9_300,factor_surface,A9,300.0,0.7614013014478017,1.164528648902773
interior_cell,A9_350,local_baseline,A9,350.0,4.157107976077091,8.956264292283363
interior_cell,A9_350,temperature_only,A9,350.0,4.157107976077091,7.935420799671281
interior_cell,A9_350,shared_combination_curve,A9,350.0,4.157107976077091,6.855961062902956
interior_cell,A9_350,factor_surface,A9,350.0,4.157107976077091,5.758168285832336
interior_cell,B1_275,local_baseline,B1,275.0,0.2819778978442618,0.45733530746450196
interior_cell,B1_275,temperature_only,B1,275.0,0.2819778978442618,0.5033278837984811
interior_cell,B1_275,shared_combination_curve,B1,275.0,0.2819778978442618,-0.031126114774785663
interior_cell,B1_275,factor_surface,B1,275.0,0.2819778978442618,-0.3620006194153218
interior_cell,B1_300,local_baseline,B1,300.0,0.8256735235157906,1.8595237664776472
interior_cell,B1_300,temperature_only,B1,300.0,0.8256735235157906,1.648019551160119
interior_cell,B1_300,shared_combination_curve,B1,300.0,0.8256735235157906,1.2468876023020465
interior_cell,B1_300,factor_surface,B1,300.0,0.8256735235157906,0.2578898110773489
interior_cell,B1_350,local_baseline,B1,350.0,5.014615503744418,9.367341039354214
interior_cell,B1_350,temperature_only,B1,350.0,5.014615503744418,7.918035290350955
interior_cell,B1_350,shared_combination_curve,B1,350.0,5.014615503744418,7.241439894081481
interior_cell,B1_350,factor_surface,B1,350.0,5.014615503744418,4.622196553843493
interior_cell,B2_275,local_baseline,B2,275.0,0.2188122552650808,0.33505531792332494
interior_cell,B2_275,temperature_only,B2,275.0,0.2188122552650808,0.5042318221778199
interior_cell,B2_275,shared_combination_curve,B2,275.0,0.2188122552650808,-0.2712477994332305
interior_cell,B2_275,factor_surface,B2,275.0,0.2188122552650808,0.16909567872451436
interior_cell,B2_300,local_baseline,B2,300.0,0.5800360483174444,1.3804058186928403
interior_cell,B2_300,temperature_only,B2,300.0,0.5800360483174444,1.651861455979315
interior_cell,B2_300,shared_combination_curve,B2,300.0,0.5800360483174444,0.9192115684170945
interior_cell,B2_300,factor_surface,B2,300.0,0.5800360483174444,1.7895167957778417
interior_cell,B2_350,local_baseline,B2,350.0,3.703592945548359,9.02368678663201
interior_cell,B2_350,temperature_only,B2,350.0,3.703592945548359,7.944615575851984
interior_cell,B2_350,shared_combination_curve,B2,350.0,3.703592945548359,6.973238527729135
interior_cell,B2_350,factor_surface,B2,350.0,3.703592945548359,8.237365718038202
interior_cell,B3_275,local_baseline,B3,275.0,0.0329130840198322,0.049343022468172446
interior_cell,B3_275,temperature_only,B3,275.0,0.0329130840198322,0.5068921512541165
interior_cell,B3_275,shared_combination_curve,B3,275.0,0.0329130840198322,0.0266355603066204
interior_cell,B3_275,factor_surface,B3,275.0,0.0329130840198322,-0.7835097181811408
interior_cell,B3_300,local_baseline,B3,300.0,0.0874349773346312,0.14359427907030003
interior_cell,B3_300,temperature_only,B3,300.0,0.0874349773346312,1.6595660068709135
interior_cell,B3_300,shared_combination_curve,B3,300.0,0.0874349773346312,-1.0742994531181695
interior_cell,B3_300,factor_surface,B3,300.0,0.0874349773346312,-0.9418036474053499
interior_cell,B3_325,local_baseline,B3,325.0,0.2542754741207679,0.45872867299730874
interior_cell,B3_325,temperature_only,B3,325.0,0.2542754741207679,4.1661434663019365
interior_cell,B3_325,shared_combination_curve,B3,325.0,0.2542754741207679,-0.819440530572753
interior_cell,B3_325,factor_surface,B3,325.0,0.2542754741207679,-0.027831579432274545
interior_cell,B3_350,local_baseline,B3,350.0,0.8300223686599864,1.6612961958535486
interior_cell,B3_350,temperature_only,B3,350.0,0.8300223686599864,8.002875691868702
interior_cell,B3_350,shared_combination_curve,B3,350.0,0.8300223686599864,0.6588621784836626
interior_cell,B3_350,factor_surface,B3,350.0,0.8300223686599864,1.9696440288999035
interior_cell,B4_275,local_baseline,B4,275.0,0.0736909688021725,0.09413423156735634
interior_cell,B4_275,temperature_only,B4,275.0,0.0736909688021725,0.506308595169223
interior_cell,B4_275,shared_combination_curve,B4,275.0,0.0736909688021725,-0.10518232888423817
interior_cell,B4_275,factor_surface,B4,275.0,0.0736909688021725,-0.6214269039692191
interior_cell,B4_300,local_baseline,B4,300.0,0.1522567413247973,0.289043635164645
interior_cell,B4_300,temperature_only,B4,300.0,0.1522567413247973,1.6585521589339818
interior_cell,B4_300,shared_combination_curve,B4,300.0,0.1522567413247973,-0.7320557701671646
interior_cell,B4_300,factor_surface,B4,300.0,0.1522567413247973,-0.4825099683286007
interior_cell,B4_325,local_baseline,B4,325.0,0.5043963015271175,0.7077685336484337
interior_cell,B4_325,temperature_only,B4,325.0,0.5043963015271175,4.16109390963768
interior_cell,B4_325,shared_combination_curve,B4,325.0,0.5043963015271175,-0.07231181489520555
interior_cell,B4_325,factor_surface,B4,325.0,0.5043963015271175,0.7225912615777395
interior_cell,B4_350,local_baseline,B4,350.0,1.2632803259720702,2.7307702812781933
interior_cell,B4_350,temperature_only,B4,350.0,1.2632803259720702,7.99409161707994
interior_cell,B4_350,shared_combination_curve,B4,350.0,1.2632803259720702,1.8725672633254362
interior_cell,B4_350,factor_surface,B4,350.0,1.2632803259720702,3.0118624615187324
interior_cell,B5_275,local_baseline,B5,275.0,0.1939786684011834,0.27576677472636785
interior_cell,B5_275,temperature_only,B5,275.0,0.1939786684011834,0.5045872057589325
interior_cell,B5_275,shared_combination_curve,B5,275.0,0.1939786684011834,-0.17358312927592756
interior_cell,B5_275,factor_surface,B5,275.0,0.1939786684011834,-0.5757095844449793
interior_cell,B5_300,local_baseline,B5,300.0,0.4603199329738753,0.6688807906001699
interior_cell,B5_300,temperature_only,B5,300.0,0.4603199329738753,1.6537338816753637
interior_cell,B5_300,shared_combination_curve,B5,300.0,0.4603199329738753,-0.04705529976098344
interior_cell,B5_300,factor_surface,B5,300.0,0.4603199329738753,-0.00047385938546096185
interior_cell,B5_325,local_baseline,B5,325.0,1.1437829127991563,1.4468721071162656
interior_cell,B5_325,temperature_only,B5,325.0,1.1437829127991563,4.1481856726169415
interior_cell,B5_325,shared_combination_curve,B5,325.0,1.1437829127991563,1.2903656887239485
interior_cell,B5_325,factor_surface,B5,325.0,1.1437829127991563,1.6387639213098453
interior_cell,B5_350,local_baseline,B5,350.0,2.4334242812586555,4.63546194338988
interior_cell,B5_350,temperature_only,B5,350.0,2.4334242812586555,7.9703675703697066
interior_cell,B5_350,shared_combination_curve,B5,350.0,2.4334242812586555,3.944440365835687
interior_cell,B5_350,factor_surface,B5,350.0,2.4334242812586555,4.358871073467
interior_cell,B6_275,local_baseline,B6,275.0,0.3597411105044312,0.6156373786937164
interior_cell,B6_275,temperature_only,B6,275.0,0.3597411105044312,0.5022150454016208
interior_cell,B6_275,shared_combination_curve,B6,275.0,0.3597411105044312,-0.08497823634927748
interior_cell,B6_275,factor_surface,B6,275.0,0.3597411105044312,-0.1008161996529946
interior_cell,B6_300,local_baseline,B6,300.0,1.1067071308541947,1.4533453751384113
interior_cell,B6_300,temperature_only,B6,300.0,1.1067071308541947,1.6436240314230863
interior_cell,B6_300,shared_combination_curve,B6,300.0,1.1067071308541947,1.3958409950607171
interior_cell,B6_300,factor_surface,B6,300.0,1.1067071308541947,1.0085402042909681
interior_cell,B6_325,local_baseline,B6,325.0,2.546949639772391,3.5821729930074917
interior_cell,B6_325,temperature_only,B6,325.0,2.546949639772391,4.119857884120787
interior_cell,B6_325,shared_combination_curve,B6,325.0,2.546949639772391,3.9752943196252786
interior_cell,B6_325,factor_surface,B6,325.0,2.546949639772391,3.1719185805769965
interior_cell,B6_350,local_baseline,B6,350.0,6.057638855160788,8.123682631601422
interior_cell,B6_350,temperature_only,B6,350.0,6.057638855160788,7.896888546313972
interior_cell,B6_350,shared_combination_curve,B6,350.0,6.057638855160788,7.58890743218236
interior_cell,B6_350,factor_surface,B6,350.0,6.057638855160788,6.348811342910794
interior_cell,B7_275,local_baseline,B7,275.0,0.52298,0.84207
interior_cell,B7_275,temperature_only,B7,275.0,0.52298,0.4998789986016332
interior_cell,B7_275,shared_combination_curve,B7,275.0,0.52298,-0.3331021043905471
interior_cell,B7_275,factor_surface,B7,275.0,0.52298,0.5467950602239888
interior_cell,B7_300,local_baseline,B7,300.0,1.5046199999999998,1.9035400000000002
interior_cell,B7_300,temperature_only,B7,300.0,1.5046199999999998,1.6374004559350332
interior_cell,B7_300,shared_combination_curve,B7,300.0,1.5046199999999998,2.3806644703436883
interior_cell,B7_300,factor_surface,B7,300.0,1.5046199999999998,2.2647496902918123
interior_cell,B7_325,local_baseline,B7,325.0,3.2841000000000005,4.53486
interior_cell,B7_325,temperature_only,B7,325.0,3.2841000000000005,4.104975946648232
interior_cell,B7_325,shared_combination_curve,B7,325.0,3.2841000000000005,6.08449720953306
interior_cell,B7_325,factor_surface,B7,325.0,3.2841000000000005,5.042893843752605
interior_cell,B7_350,local_baseline,B7,350.0,7.5651,11.019393333333337
interior_cell,B7_350,temperature_only,B7,350.0,7.5651,7.866325572884543
interior_cell,B7_350,shared_combination_curve,B7,350.0,7.5651,10.874212278333985
interior_cell,B7_350,factor_surface,B7,350.0,7.5651,8.80124720260466
leave_combination_out,A1,local_baseline,A1,250.0,0.7038711975827424,0.24553162179551752
leave_combination_out,A1,local_baseline,A1,275.0,2.1902991652609485,0.6268216948523221
leave_combination_out,A1,local_baseline,A1,300.0,7.026397666433001,1.6129979610051095
leave_combination_out,A1,local_baseline,A1,325.0,9.781635471041264,5.322657910650627
leave_combination_out,A1,local_baseline,A1,350.0,17.37376011213562,6.758855373036811
leave_combination_out,A1,temperature_only,A1,250.0,0.7038711975827424,0.7468229512230291
leave_combination_out,A1,temperature_only,A1,275.0,2.1902991652609485,0.31698143941611523
leave_combination_out,A1,temperature_only,A1,300.0,7.026397666433001,1.2930363911644722
leave_combination_out,A1,temperature_only,A1,325.0,9.781635471041264,3.6749878064680983
leave_combination_out,A1,temperature_only,A1,350.0,17.37376011213562,7.4628356853269935
leave_combination_out,A1,shared_combination_curve,A1,250.0,0.7038711975827424,4.93811098774199
leave_combination_out,A1,shared_combination_curve,A1,275.0,2.1902991652609485,3.4203396126514023
leave_combination_out,A1,shared_combination_curve,A1,300.0,7.026397666433001,3.1382383080636735
leave_combination_out,A1,shared_combination_curve,A1,325.0,9.781635471041264,4.091807073978803
leave_combination_out,A1,shared_combination_curve,A1,350.0,17.37376011213562,6.28104591039679
leave_combination_out,A1,factor_surface,A1,250.0,0.7038711975827424,-0.7042659634469164
leave_combination_out,A1,factor_surface,A1,275.0,2.1902991652609485,1.965207775030235
leave_combination_out,A1,factor_surface,A1,300.0,7.026397666433001,5.676602469848832
leave_combination_out,A1,factor_surface,A1,325.0,9.781635471041264,10.429918121008876
leave_combination_out,A1,factor_surface,A1,350.0,17.37376011213562,16.22515472851037
leave_combination_out,A10,local_baseline,A10,250.0,0.0070072108539497,0.2803748211319571
leave_combination_out,A10,local_baseline,A10,275.0,0.0167549815623875,0.73549890403725
leave_combination_out,A10,local_baseline,A10,300.0,0.0365574633992634,1.9624899711567967
leave_combination_out,A10,local_baseline,A10,350.0,0.297621750672704,7.612662291109954
leave_combination_out,A10,local_baseline,A10,400.0,2.9423628089005787,19.620052699537965
leave_combination_out,A10,temperature_only,A10,250.0,0.0070072108539497,0.6714942496004443
leave_combination_out,A10,temperature_only,A10,275.0,0.0167549815623875,0.5285443016441738
leave_combination_out,A10,temperature_only,A10,300.0,0.0365574633992634,1.739176145533527
leave_combination_out,A10,temperature_only,A10,350.0,0.297621750672704,8.221185208849096
leave_combination_out,A10,temperature_only,A10,400.0,2.9423628089005787,20.117521439547158
leave_combination_out,A10,shared_combination_curve,A10,250.0,0.0070072108539497,5.322367825399115
leave_combination_out,A10,shared_combination_curve,A10,275.0,0.0167549815623875,3.807633622396735
leave_combination_out,A10,shared_combination_curve,A10,300.0,0.0365574633992634,3.5690923895490383
leave_combination_out,A10,shared_combination_curve,A10,350.0,0.297621750672704,6.92058883431768
leave_combination_out,A10,shared_combination_curve,A10,400.0,2.9423628089005787,15.376857159705043
leave_combination_out,A10,factor_surface,A10,250.0,0.0070072108539497,-1.4258676685644645
leave_combination_out,A10,factor_surface,A10,275.0,0.0167549815623875,-1.895009456220487
leave_combination_out,A10,factor_surface,A10,300.0,0.0365574633992634,-1.2826526376827294
leave_combination_out,A10,factor_surface,A10,350.0,0.297621750672704,3.1865568179741217
leave_combination_out,A10,factor_surface,A10,400.0,2.9423628089005787,11.981760698406092
leave_combination_out,A11,local_baseline,A11,250.0,0.0002276915544598,0.2807137970969316
leave_combination_out,A11,local_baseline,A11,275.0,0.0051631204222278,0.736078497094258
leave_combination_out,A11,local_baseline,A11,300.0,0.0292574605332436,1.9628549713000976
leave_combination_out,A11,local_baseline,A11,350.0,0.3570297790240241,7.60969188969239
leave_combination_out,A11,local_baseline,A11,400.0,2.5846644006558086,19.639924833329342
leave_combination_out,A11,temperature_only,A11,250.0,0.0002276915544598,0.672789544025095
leave_combination_out,A11,temperature_only,A11,275.0,0.0051631204222278,0.527657812582591
leave_combination_out,A11,temperature_only,A11,300.0,0.0292574605332436,1.7378317292848022
leave_combination_out,A11,temperature_only,A11,350.0,0.3570297790240241,8.224096507123367
leave_combination_out,A11,temperature_only,A11,400.0,2.5846644006558086,20.131583877540788
leave_combination_out,A11,shared_combination_curve,A11,250.0,0.0002276915544598,5.327983797345538
leave_combination_out,A11,shared_combination_curve,A11,275.0,0.0051631204222278,3.808999091508224
leave_combination_out,A11,shared_combination_curve,A11,300.0,0.0292574605332436,3.5683539178015153
leave_combination_out,A11,shared_combination_curve,A11,350.0,0.3570297790240241,6.922082166779911
leave_combination_out,A11,shared_combination_curve,A11,400.0,2.5846644006558086,15.389168544280725
leave_combination_out,A11,factor_surface,A11,250.0,0.0002276915544598,3.8364307313172787
leave_combination_out,A11,factor_surface,A11,275.0,0.0051631204222278,2.1542119422080903
leave_combination_out,A11,factor_surface,A11,300.0,0.0292574605332436,1.5445448477992354
leave_combination_out,A11,factor_surface,A11,350.0,0.3570297790240241,3.542865743082523
leave_combination_out,A11,factor_surface,A11,400.0,2.5846644006558086,9.831393417167142
leave_combination_out,A12,local_baseline,A12,250.0,0.0889534664333618,0.27627750835298653
leave_combination_out,A12,local_baseline,A12,275.0,0.2817114251791775,0.7222510818564106
leave_combination_out,A12,local_baseline,A12,300.0,0.7757942895258205,1.9255281298504687
leave_combination_out,A12,local_baseline,A12,350.0,4.4324774587816105,7.40591950570451
leave_combination_out,A12,local_baseline,A12,400.0,16.166192924851465,18.885395470874027
leave_combination_out,A12,temperature_only,A12,250.0,0.0889534664333618,0.6856600726326869
leave_combination_out,A12,temperature_only,A12,275.0,0.2817114251791775,0.5313991028916947
leave_combination_out,A12,temperature_only,A12,300.0,0.7757942895258205,1.6949208911726803
leave_combination_out,A12,temperature_only,A12,350.0,4.4324774587816105,7.975312741800576
leave_combination_out,A12,temperature_only,A12,400.0,16.166192924851465,19.526835624516377
leave_combination_out,A12,shared_combination_curve,A12,250.0,0.0889534664333618,5.164941040602156
leave_combination_out,A12,shared_combination_curve,A12,275.0,0.2817114251791775,3.707984552801602
leave_combination_out,A12,shared_combination_curve,A12,300.0,0.7757942895258205,3.483190573506948
leave_combination_out,A12,shared_combination_curve,A12,350.0,4.4324774587816105,6.730090140435346
leave_combination_out,A12,shared_combination_curve,A12,400.0,16.166192924851465,14.905639741387349
leave_combination_out,A12,factor_surface,A12,250.0,0.0889534664333618,1.0089918517710377
leave_combination_out,A12,factor_surface,A12,275.0,0.2817114251791775,0.7412715042608804
leave_combination_out,A12,factor_surface,A12,300.0,0.7757942895258205,1.508948006365217
leave_combination_out,A12,factor_surface,A12,350.0,4.4324774587816105,6.150491559417367
leave_combination_out,A12,factor_surface,A12,400.0,16.166192924851465,14.93362251092749
leave_combination_out,A13,local_baseline,A13,250.0,0.0699066238726971,0.2772298504810198
leave_combination_out,A13,local_baseline,A13,275.0,0.1756757460420076,0.7275528658132691
leave_combination_out,A13,local_baseline,A13,300.0,0.5181013139844182,1.938412778627539
leave_combination_out,A13,local_baseline,A13,350.0,3.4342568103993254,7.455830538123624
leave_combination_out,A13,local_baseline,A13,400.0,11.177160766657794,19.16256392410701
leave_combination_out,A13,temperature_only,A13,250.0,0.0699066238726971,0.6847395030457912
leave_combination_out,A13,temperature_only,A13,275.0,0.1756757460420076,0.5273011827397847
leave_combination_out,A13,temperature_only,A13,300.0,0.5181013139844182,1.7034129124437483
leave_combination_out,A13,temperature_only,A13,350.0,3.4342568103993254,8.056286521881583
leave_combination_out,A13,temperature_only,A13,400.0,11.177160766657794,19.743360331359295
leave_combination_out,A13,shared_combination_curve,A13,250.0,0.0699066238726971,5.227870328598145
leave_combination_out,A13,shared_combination_curve,A13,275.0,0.1756757460420076,3.7409986506466786
leave_combination_out,A13,shared_combination_curve,A13,300.0,0.5181013139844182,3.5057894623316948
leave_combination_out,A13,shared_combination_curve,A13,350.0,3.4342568103993254,6.790358554611174
leave_combination_out,A13,shared_combination_curve,A13,400.0,11.177160766657794,15.081577605436586
leave_combination_out,A13,factor_surface,A13,250.0,0.0699066238726971,1.1196469957756516
leave_combination_out,A13,factor_surface,A13,275.0,0.1756757460420076,0.9071513413579062
leave_combination_out,A13,factor_surface,A13,300.0,0.5181013139844182,1.7456044355708897
leave_combination_out,A13,factor_surface,A13,350.0,3.4342568103993254,6.575356869889046
leave_combination_out,A13,factor_surface,A13,400.0,11.177160766657794,15.608904298730122
leave_combination_out,A14,local_baseline,A14,250.0,0.0471118147757758,0.27836959093586583
leave_combination_out,A14,local_baseline,A14,275.0,0.1360382966378235,0.7295347382834783
leave_combination_out,A14,local_baseline,A14,300.0,0.3664885088935588,1.945993418882082
leave_combination_out,A14,local_baseline,A14,350.0,2.6026546135184345,7.497410647967667
leave_combination_out,A14,local_baseline,A14,400.0,11.956202280332972,19.119283840013946
leave_combination_out,A14,temperature_only,A14,250.0,0.0471118147757758,0.6790384725477265
leave_combination_out,A14,temperature_only,A14,275.0,0.1360382966378235,0.5361166902687469
leave_combination_out,A14,temperature_only,A14,300.0,0.3664885088935588,1.7197712148274231
leave_combination_out,A14,temperature_only,A14,350.0,2.6026546135184345,8.066809184457739
leave_combination_out,A14,temperature_only,A14,400.0,11.956202280332972,19.720152381438673
leave_combination_out,A14,shared_combination_curve,A14,250.0,0.0471118147757758,5.212483199511631
leave_combination_out,A14,shared_combination_curve,A14,275.0,0.1360382966378235,3.746321639725623
leave_combination_out,A14,shared_combination_curve,A14,300.0,0.3664885088935588,3.5229097567065146
leave_combination_out,A14,shared_combination_curve,A14,350.0,2.6026546135184345,6.804335020968985
leave_combination_out,A14,shared_combination_curve,A14,400.0,11.956202280332972,15.056758992299041
leave_combination_out,A14,factor_surface,A14,250.0,0.0471118147757758,1.3652714328200322
leave_combination_out,A14,factor_surface,A14,275.0,0.1360382966378235,1.879827438750274
leave_combination_out,A14,factor_surface,A14,300.0,0.3664885088935588,3.4947084021207067
leave_combination_out,A14,factor_surface,A14,350.0,2.6026546135184345,10.025445201182144
leave_combination_out,A14,factor_surface,A14,400.0,11.956202280332972,20.95748183000434
leave_combination_out,A2,local_baseline,A2,250.0,0.8317616003446753,0.23913710165742086
leave_combination_out,A2,local_baseline,A2,275.0,2.9713891232742857,0.5877671969516551
leave_combination_out,A2,local_baseline,A2,300.0,7.628760079778667,1.5828798403378261
leave_combination_out,A2,local_baseline,A2,325.0,17.264309323382783,4.491249704834903
leave_combination_out,A2,local_baseline,A2,350.0,26.54080463653922,6.30050314681663
leave_combination_out,A2,temperature_only,A2,250.0,0.8317616003446753,0.8458066215812181
leave_combination_out,A2,temperature_only,A2,275.0,2.9713891232742857,0.1880847295468886
leave_combination_out,A2,temperature_only,A2,300.0,7.628760079778667,1.0131491941216098
leave_combination_out,A2,temperature_only,A2,325.0,17.264309323382783,3.3210000153053807
leave_combination_out,A2,temperature_only,A2,350.0,26.54080463653922,7.111637193098202
leave_combination_out,A2,shared_combination_curve,A2,250.0,0.8317616003446753,4.740836074995958
leave_combination_out,A2,shared_combination_curve,A2,275.0,2.9713891232742857,3.214915877716133
leave_combination_out,A2,shared_combination_curve,A2,300.0,7.628760079778667,2.913159372810885
leave_combination_out,A2,shared_combination_curve,A2,325.0,17.264309323382783,3.835566560280216
leave_combination_out,A2,shared_combination_curve,A2,350.0,26.54080463653922,5.9821374401241245
leave_combination_out,A2,factor_surface,A2,250.0,0.8317616003446753,-1.1761719199225684
leave_combination_out,A2,factor_surface,A2,275.0,2.9713891232742857,0.9267278055416135
leave_combination_out,A2,factor_surface,A2,300.0,7.628760079778667,4.158670388414572
leave_combination_out,A2,factor_surface,A2,325.0,17.264309323382783,8.519655828696315
leave_combination_out,A2,factor_surface,A2,350.0,26.54080463653922,14.009684126386835
leave_combination_out,A3,local_baseline,A3,250.0,0.5318155126370846,0.2541344060428004
leave_combination_out,A3,local_baseline,A3,275.0,1.5466496040026507,0.6590041729152369
leave_combination_out,A3,local_baseline,A3,300.0,4.975464725007,1.7155446080764096
leave_combination_out,A3,local_baseline,A3,325.0,10.7927419705323,5.210312744040512
leave_combination_out,A3,local_baseline,A3,350.0,18.03330095294321,6.72587833099643
leave_combination_out,A3,local_baseline,A3,400.0,44.72805977609709,17.29862509024927
leave_combination_out,A3,local_baseline,A3,450.0,43.118441667406906,5.096815856836159
leave_combination_out,A3,temperature_only,A3,250.0,0.5318155126370846,0.37719019920031815
leave_combination_out,A3,temperature_only,A3,275.0,1.5466496040026507,0.5446603622693154
leave_combination_out,A3,temperature_only,A3,300.0,4.975464725007,1.7623494052537838
leave_combination_out,A3,temperature_only,A3,325.0,10.7927419705323,4.030257328153722
leave_combination_out,A3,temperature_only,A3,350.0,18.03330095294321,7.348384130969132
leave_combination_out,A3,temperature_only,A3,400.0,44.72805977609709,17.135294376346366
leave_combination_out,A3,temperature_only,A3,450.0,43.118441667406906,31.12308014138548
leave_combination_out,A3,shared_combination_curve,A3,250.0,0.5318155126370846,5.461724943760595
leave_combination_out,A3,shared_combination_curve,A3,275.0,1.5466496040026507,3.385497037133078
leave_combination_out,A3,shared_combination_curve,A3,300.0,4.975464725007,2.7453271604608656
leave_combination_out,A3,shared_combination_curve,A3,325.0,10.7927419705323,3.5412153137439595
leave_combination_out,A3,shared_combination_curve,A3,350.0,18.03330095294321,5.77316149698236
leave_combination_out,A3,shared_combination_curve,A3,400.0,44.72805977609709,14.545227953325075
leave_combination_out,A3,shared_combination_curve,A3,450.0,43.118441667406906,29.061526529489022
leave_combination_out,A3,factor_surface,A3,250.0,0.5318155126370846,-0.16688319353726921
leave_combination_out,A3,factor_surface,A3,275.0,1.5466496040026507,2.262734166137717
leave_combination_out,A3,factor_surface,A3,300.0,4.975464725007,5.884576191763007
leave_combination_out,A3,factor_surface,A3,325.0,10.7927419705323,10.698642883338602
leave_combination_out,A3,factor_surface,A3,350.0,18.03330095294321,16.704934240864507
leave_combination_out,A3,factor_surface,A3,400.0,44.72805977609709,32.29419095376723
leave_combination_out,A3,factor_surface,A3,450.0,43.118441667406906,52.65234633047119
leave_combination_out,A4,local_baseline,A4,250.0,0.3866654453389684,0.26139190940770624
leave_combination_out,A4,local_baseline,A4,275.0,1.0428267280231072,0.6841953167142141
leave_combination_out,A4,local_baseline,A4,300.0,3.1598876726229275,1.8063234606956136
leave_combination_out,A4,local_baseline,A4,325.0,8.184209991332231,5.5001496306182975
leave_combination_out,A4,local_baseline,A4,350.0,16.47764672609587,6.803661042338797
leave_combination_out,A4,local_baseline,A4,400.0,36.27781909092121,17.768082906092374
leave_combination_out,A4,temperature_only,A4,250.0,0.3866654453389684,0.7624467864500923
leave_combination_out,A4,temperature_only,A4,275.0,1.0428267280231072,0.44916132121043884
leave_combination_out,A4,temperature_only,A4,300.0,3.1598876726229275,1.4474290795449205
leave_combination_out,A4,temperature_only,A4,325.0,8.184209991332231,3.7572500614535382
leave_combination_out,A4,temperature_only,A4,350.0,16.47764672609587,7.378624266936292
leave_combination_out,A4,temperature_only,A4,400.0,36.27781909092121,18.556032348624207
leave_combination_out,A4,shared_combination_curve,A4,250.0,0.3866654453389684,4.8835455600405835
leave_combination_out,A4,shared_combination_curve,A4,275.0,1.0428267280231072,3.458792785927579
leave_combination_out,A4,shared_combination_curve,A4,300.0,3.1598876726229275,3.219053604269223
leave_combination_out,A4,shared_combination_curve,A4,325.0,8.184209991332231,4.16432801506552
leave_combination_out,A4,shared_combination_curve,A4,350.0,16.47764672609587,6.294616018316467
leave_combination_out,A4,shared_combination_curve,A4,400.0,36.27781909092121,14.110232802182313
leave_combination_out,A4,factor_surface,A4,250.0,0.3866654453389684,0.0931309698514573
leave_combination_out,A4,factor_surface,A4,275.0,1.0428267280231072,2.772712552901101
leave_combination_out,A4,factor_surface,A4,300.0,3.1598876726229275,6.457025577326474
leave_combination_out,A4,factor_surface,A4,325.0,8.184209991332231,11.14607004312758
leave_combination_out,A4,factor_surface,A4,350.0,16.47764672609587,16.839845950304415
leave_combination_out,A4,factor_surface,A4,400.0,36.27781909092121,31.24159208878528
leave_combination_out,A5,local_baseline,A5,250.0,0.2898287938779265,0.2662337419807583
leave_combination_out,A5,local_baseline,A5,275.0,0.8261967187578618,0.6950268171774764
leave_combination_out,A5,local_baseline,A5,300.0,2.1058279387568346,1.8590264473889182
leave_combination_out,A5,local_baseline,A5,325.0,3.929155582388901,5.972933453834223
leave_combination_out,A5,local_baseline,A5,350.0,6.902171052666581,7.282434826010261
leave_combination_out,A5,local_baseline,A5,400.0,29.062381826224893,18.168940531908838
leave_combination_out,A5,temperature_only,A5,250.0,0.2898287938779265,0.6734559507404079
leave_combination_out,A5,temperature_only,A5,275.0,0.8261967187578618,0.5293205627270181
leave_combination_out,A5,temperature_only,A5,300.0,2.1058279387568346,1.6626631985958804
leave_combination_out,A5,temperature_only,A5,325.0,3.929155582388901,4.0734838583469966
leave_combination_out,A5,temperature_only,A5,350.0,6.902171052666581,7.761782541980366
leave_combination_out,A5,temperature_only,A5,400.0,29.062381826224893,18.970813980893865
leave_combination_out,A5,shared_combination_curve,A5,250.0,0.2898287938779265,4.960332256159093
leave_combination_out,A5,shared_combination_curve,A5,275.0,0.8261967187578618,3.6164891413314058
leave_combination_out,A5,shared_combination_curve,A5,300.0,2.1058279387568346,3.4413329351062094
leave_combination_out,A5,shared_combination_curve,A5,325.0,3.929155582388901,4.434863637483506
leave_combination_out,A5,shared_combination_curve,A5,350.0,6.902171052666581,6.597081248463294
leave_combination_out,A5,shared_combination_curve,A5,400.0,29.062381826224893,14.427577196230342
leave_combination_out,A5,factor_surface,A5,250.0,0.2898287938779265,1.3128146758283465
leave_combination_out,A5,factor_surface,A5,275.0,0.8261967187578618,4.391481232015671
leave_combination_out,A5,factor_surface,A5,300.0,2.1058279387568346,8.410450781903023
leave_combination_out,A5,factor_surface,A5,325.0,3.929155582388901,13.369723325490398
leave_combination_out,A5,factor_surface,A5,350.0,6.902171052666581,19.269298862777795
leave_combination_out,A5,factor_surface,A5,400.0,29.062381826224893,33.88935891845267
leave_combination_out,A6,local_baseline,A6,250.0,0.4418500920350582,0.2586326770729017
leave_combination_out,A6,local_baseline,A6,275.0,0.907450344598929,0.6909641358854229
leave_combination_out,A6,local_baseline,A6,300.0,1.829407723292543,1.8728474581621328
leave_combination_out,A6,local_baseline,A6,350.0,5.937910401184776,7.330647858584352
leave_combination_out,A6,local_baseline,A6,400.0,31.11366511845693,18.05498034900706
leave_combination_out,A6,temperature_only,A6,250.0,0.4418500920350582,0.658048016079702
leave_combination_out,A6,temperature_only,A6,275.0,0.907450344598929,0.5376091670068561
leave_combination_out,A6,temperature_only,A6,300.0,1.829407723292543,1.6812168228328863
leave_combination_out,A6,temperature_only,A6,350.0,5.937910401184776,7.760571649181569
leave_combination_out,A6,temperature_only,A6,400.0,31.11366511845693,18.89611249512575
leave_combination_out,A6,shared_combination_curve,A6,250.0,0.4418500920350582,4.9546375777972855
leave_combination_out,A6,shared_combination_curve,A6,275.0,0.907450344598929,3.610287714955845
leave_combination_out,A6,shared_combination_curve,A6,300.0,1.829407723292543,3.432088988946763
leave_combination_out,A6,shared_combination_curve,A6,350.0,5.937910401184776,6.574144947425662
leave_combination_out,A6,shared_combination_curve,A6,400.0,31.11366511845693,14.380805453233986
leave_combination_out,A6,factor_surface,A6,250.0,0.4418500920350582,-0.7445166915384824
leave_combination_out,A6,factor_surface,A6,275.0,0.907450344598929,0.7891636806840978
leave_combination_out,A6,factor_surface,A6,300.0,1.829407723292543,3.306186718867371
leave_combination_out,A6,factor_surface,A6,350.0,5.937910401184776,11.290260793116
leave_combination_out,A6,factor_surface,A6,400.0,31.11366511845693,23.20770553120741
leave_combination_out,A7,local_baseline,A7,250.0,1.130236756570167,0.22421334384614627
leave_combination_out,A7,local_baseline,A7,275.0,1.9053491302678447,0.6410691966019771
leave_combination_out,A7,local_baseline,A7,300.0,3.534617971394149,1.7875869457570523
leave_combination_out,A7,local_baseline,A7,350.0,10.923971399534077,7.081344808666887
leave_combination_out,A7,local_baseline,A7,400.0,25.279115885748283,18.379121973046423
leave_combination_out,A7,temperature_only,A7,250.0,1.130236756570167,0.6561201046898546
leave_combination_out,A7,temperature_only,A7,275.0,1.9053491302678447,0.45127316125203176
leave_combination_out,A7,temperature_only,A7,300.0,3.534617971394149,1.5570706925120827
leave_combination_out,A7,temperature_only,A7,350.0,10.923971399534077,7.700599179125795
leave_combination_out,A7,temperature_only,A7,400.0,25.279115885748283,19.08670556453099
leave_combination_out,A7,shared_combination_curve,A7,250.0,1.130236756570167,5.039297402219696
leave_combination_out,A7,shared_combination_curve,A7,275.0,1.9053491302678447,3.559547905315313
leave_combination_out,A7,shared_combination_curve,A7,300.0,3.534617971394149,3.3068494933767694
leave_combination_out,A7,shared_combination_curve,A7,350.0,10.923971399534077,6.482605924397202
leave_combination_out,A7,shared_combination_curve,A7,400.0,25.279115885748283,14.566566695280988
leave_combination_out,A7,factor_surface,A7,250.0,1.130236756570167,0.548901875914857
leave_combination_out,A7,factor_surface,A7,275.0,1.9053491302678447,0.15497234619444455
leave_combination_out,A7,factor_surface,A7,300.0,3.534617971394149,0.8054927004140318
leave_combination_out,A7,factor_surface,A7,350.0,10.923971399534077,5.239883060673208
leave_combination_out,A7,factor_surface,A7,400.0,25.279115885748283,13.852072956692387
leave_combination_out,A8,local_baseline,A8,250.0,0.3527609893506041,0.26308713220712443
leave_combination_out,A8,local_baseline,A8,275.0,0.7464857606131791,0.6990123650847104
leave_combination_out,A8,local_baseline,A8,300.0,1.8213444171452309,1.8732506234694983
leave_combination_out,A8,local_baseline,A8,350.0,8.212479622955009,7.2169193974958405
leave_combination_out,A8,local_baseline,A8,400.0,23.243408658548528,18.492216819001968
leave_combination_out,A8,temperature_only,A8,250.0,0.3527609893506041,0.6904012731864952
leave_combination_out,A8,temperature_only,A8,275.0,0.7464857606131791,0.50930697479206
leave_combination_out,A8,temperature_only,A8,300.0,1.8213444171452309,1.6342992618783168
leave_combination_out,A8,temperature_only,A8,350.0,8.212479622955009,7.8025435924929
leave_combination_out,A8,temperature_only,A8,400.0,23.243408658548528,19.195134265030244
leave_combination_out,A8,shared_combination_curve,A8,250.0,0.3527609893506041,5.082141239532978
leave_combination_out,A8,shared_combination_curve,A8,275.0,0.7464857606131791,3.629552552508441
leave_combination_out,A8,shared_combination_curve,A8,300.0,1.8213444171452309,3.3957558330139395
leave_combination_out,A8,shared_combination_curve,A8,350.0,8.212479622955009,6.584538296615047
leave_combination_out,A8,shared_combination_curve,A8,400.0,23.243408658548528,14.648488630336299
leave_combination_out,A8,factor_surface,A8,250.0,0.3527609893506041,1.1951016533101155
leave_combination_out,A8,factor_surface,A8,275.0,0.7464857606131791,0.9130765312928073
leave_combination_out,A8,factor_surface,A8,300.0,1.8213444171452309,1.6605787480468317
leave_combination_out,A8,factor_surface,A8,350.0,8.212479622955009,6.244165197868877
leave_combination_out,A8,factor_surface,A8,400.0,23.243408658548528,14.945861002776251
leave_combination_out,A9,local_baseline,A9,250.0,0.1108707268994757,0.2751816453296808
leave_combination_out,A9,local_baseline,A9,275.0,0.2906489328279964,0.7218042064739696
leave_combination_out,A9,local_baseline,A9,300.0,0.7614013014478017,1.92624777925437
leave_combination_out,A9,local_baseline,A9,350.0,4.157107976077091,7.419687979839736
leave_combination_out,A9,local_baseline,A9,400.0,17.151127283118925,18.830676895414726
leave_combination_out,A9,temperature_only,A9,250.0,0.1108707268994757,0.6815429334507233
leave_combination_out,A9,temperature_only,A9,275.0,0.2906489328279964,0.5350492149598916
leave_combination_out,A9,temperature_only,A9,300.0,0.7614013014478017,1.700999168289516
leave_combination_out,A9,temperature_only,A9,350.0,4.157107976077091,7.970230090410128
leave_combination_out,A9,temperature_only,A9,400.0,17.151127283118925,19.489235699812557
leave_combination_out,A9,shared_combination_curve,A9,250.0,0.1108707268994757,5.148827845062662
leave_combination_out,A9,shared_combination_curve,A9,275.0,0.2906489328279964,3.7056568408005965
leave_combination_out,A9,shared_combination_curve,A9,300.0,0.7614013014478017,3.4879605347374287
leave_combination_out,A9,shared_combination_curve,A9,350.0,4.157107976077091,6.728992017207778
leave_combination_out,A9,shared_combination_curve,A9,400.0,17.151127283118925,14.871922292473709
leave_combination_out,A9,factor_surface,A9,250.0,0.1108707268994757,0.9080886390015595
leave_combination_out,A9,factor_surface,A9,275.0,0.2906489328279964,0.5476199473479522
leave_combination_out,A9,factor_surface,A9,300.0,0.7614013014478017,1.2164646275052275
leave_combination_out,A9,factor_surface,A9,350.0,4.157107976077091,5.64209410325242
leave_combination_out,A9,factor_surface,A9,400.0,17.151127283118925,14.184977066243135
leave_combination_out,B1,local_baseline,B1,250.0,0.0889970914132134,0.27627532710399394
leave_combination_out,B1,local_baseline,B1,275.0,0.2819778978442618,0.7222377582231563
leave_combination_out,B1,local_baseline,B1,300.0,0.8256735235157906,1.9230341681509704
leave_combination_out,B1,local_baseline,B1,350.0,5.014615503744418,7.3768126034563695
leave_combination_out,B1,local_baseline,B1,400.0,17.909008555192635,18.78857238029952
leave_combination_out,B1,temperature_only,B1,250.0,0.0889970914132134,0.6890386993943238
leave_combination_out,B1,temperature_only,B1,275.0,0.2819778978442618,0.5328539628400986
leave_combination_out,B1,temperature_only,B1,300.0,0.8256735235157906,1.6897656253006428
leave_combination_out,B1,temperature_only,B1,350.0,5.014615503744418,7.94287814726604
leave_combination_out,B1,temperature_only,B1,400.0,17.909008555192635,19.448376265290516
leave_combination_out,B1,shared_combination_curve,B1,250.0,0.0889970914132134,5.145073694214378
leave_combination_out,B1,shared_combination_curve,B1,275.0,0.2819778978442618,3.695589968946904
leave_combination_out,B1,shared_combination_curve,B1,300.0,0.8256735235157906,3.472451997526185
leave_combination_out,B1,shared_combination_curve,B1,350.0,5.014615503744418,6.7052133162250165
leave_combination_out,B1,shared_combination_curve,B1,400.0,17.909008555192635,14.843357650310871
leave_combination_out,B1,factor_surface,B1,250.0,0.0889970914132134,0.13900385985514863
leave_combination_out,B1,factor_surface,B1,275.0,0.2819778978442618,-0.34218799472137285
leave_combination_out,B1,factor_surface,B1,300.0,0.8256735235157906,0.20164614701698547
leave_combination_out,B1,factor_surface,B1,350.0,5.014615503744418,4.364392419438339
leave_combination_out,B1,factor_surface,B1,400.0,17.909008555192635,12.62724267711921
leave_combination_out,B2,local_baseline,B2,250.0,0.0900745875292054,0.2762214522981944
leave_combination_out,B2,local_baseline,B2,275.0,0.2188122552650808,0.7253960403521154
leave_combination_out,B2,local_baseline,B2,300.0,0.5800360483174444,1.935316041910888
leave_combination_out,B2,local_baseline,B2,350.0,3.703592945548359,7.442363731366173
leave_combination_out,B2,local_baseline,B2,400.0,17.46733752494658,18.813109659757632
leave_combination_out,B2,temperature_only,B2,250.0,0.0900745875292054,0.6800874087578617
leave_combination_out,B2,temperature_only,B2,275.0,0.2188122552650808,0.5415921787162059
leave_combination_out,B2,temperature_only,B2,300.0,0.5800360483174444,1.711870508003174
leave_combination_out,B2,temperature_only,B2,350.0,3.703592945548359,7.978747844562973
leave_combination_out,B2,temperature_only,B2,400.0,17.46733752494658,19.48071941843726
leave_combination_out,B2,shared_combination_curve,B2,250.0,0.0900745875292054,5.14257954266313
leave_combination_out,B2,shared_combination_curve,B2,275.0,0.2188122552650808,3.710722839245891
leave_combination_out,B2,shared_combination_curve,B2,300.0,0.5800360483174444,3.499561057498817
leave_combination_out,B2,shared_combination_curve,B2,350.0,3.703592945548359,6.73932225901516
leave_combination_out,B2,shared_combination_curve,B2,400.0,17.46733752494658,14.861863147212159
leave_combination_out,B2,factor_surface,B2,250.0,0.0900745875292054,-0.3973652633846765
leave_combination_out,B2,factor_surface,B2,275.0,0.2188122552650808,0.242388995903017
leave_combination_out,B2,factor_surface,B2,300.0,0.5800360483174444,1.9118177397055867
leave_combination_out,B2,factor_surface,B2,350.0,3.703592945548359,8.339698680855358
leave_combination_out,B2,factor_surface,B2,400.0,17.46733752494658,18.886277560064638
leave_combination_out,B3,local_baseline,B3,250.0,0.0112510676017137,0.28016262829456895
leave_combination_out,B3,local_baseline,B3,275.0,0.0329130840198322,0.7346909989143777
leave_combination_out,B3,local_baseline,B3,300.0,0.0874349773346312,1.9599460954600283
leave_combination_out,B3,local_baseline,B3,325.0,0.2542754741207679,6.381253465864016
leave_combination_out,B3,local_baseline,B3,350.0,0.8300223686599864,7.586042260210592
leave_combination_out,B3,local_baseline,B3,400.0,4.47533763931911,19.53488743118138
leave_combination_out,B3,temperature_only,B3,250.0,0.0112510676017137,0.6527188990373833
leave_combination_out,B3,temperature_only,B3,275.0,0.0329130840198322,0.5632294871738601
leave_combination_out,B3,temperature_only,B3,300.0,0.0874349773346312,1.8032592123864193
leave_combination_out,B3,temperature_only,B3,325.0,0.2542754741207679,4.3728080746750635
leave_combination_out,B3,temperature_only,B3,350.0,0.8300223686599864,8.271876074039792
leave_combination_out,B3,temperature_only,B3,400.0,4.47533763931911,20.058569483997502
leave_combination_out,B3,shared_combination_curve,B3,250.0,0.0112510676017137,5.3680818348826005
leave_combination_out,B3,shared_combination_curve,B3,275.0,0.0329130840198322,3.832973005913603
leave_combination_out,B3,shared_combination_curve,B3,300.0,0.0874349773346312,3.579406353060473
leave_combination_out,B3,shared_combination_curve,B3,325.0,0.2542754741207679,4.607381876323212
leave_combination_out,B3,shared_combination_curve,B3,350.0,0.8300223686599864,6.916899575701823
leave_combination_out,B3,shared_combination_curve,B3,400.0,4.47533763931911,15.38056150280665
leave_combination_out,B3,factor_surface,B3,250.0,0.0112510676017137,0.2731153711073313
leave_combination_out,B3,factor_surface,B3,275.0,0.0329130840198322,-0.8535654910406505
leave_combination_out,B3,factor_surface,B3,300.0,0.0874349773346312,-0.9083901861888899
leave_combination_out,B3,factor_surface,B3,325.0,0.2542754741207679,0.10864128566260778
leave_combination_out,B3,factor_surface,B3,350.0,0.8300223686599864,2.1975289245138443
leave_combination_out,B3,factor_surface,B3,400.0,4.47533763931911,9.590872703215538
leave_combination_out,B4,local_baseline,B4,250.0,0.0360117218099154,0.2789245955841589
leave_combination_out,B4,local_baseline,B4,275.0,0.0736909688021725,0.7326521046752608
leave_combination_out,B4,local_baseline,B4,300.0,0.1522567413247973,1.9567050072605199
leave_combination_out,B4,local_baseline,B4,325.0,0.5043963015271175,6.353462262818866
leave_combination_out,B4,local_baseline,B4,350.0,1.2632803259720702,7.564379362344988
leave_combination_out,B4,local_baseline,B4,400.0,7.183518240780345,19.384432953322424
leave_combination_out,B4,temperature_only,B4,250.0,0.0360117218099154,0.6537307555139389
leave_combination_out,B4,temperature_only,B4,275.0,0.0736909688021725,0.5645878840046601
leave_combination_out,B4,temperature_only,B4,300.0,0.1522567413247973,1.7969442117029066
leave_combination_out,B4,temperature_only,B4,325.0,0.5043963015271175,4.350799738608679
leave_combination_out,B4,temperature_only,B4,350.0,1.2632803259720702,8.226154464721978
leave_combination_out,B4,temperature_only,B4,400.0,7.183518240780345,19.94136151457115
leave_combination_out,B4,shared_combination_curve,B4,250.0,0.0360117218099154,5.322565031993205
leave_combination_out,B4,shared_combination_curve,B4,275.0,0.0736909688021725,3.814617843234414
leave_combination_out,B4,shared_combination_curve,B4,300.0,0.1522567413247973,3.5734442983670167
leave_combination_out,B4,shared_combination_curve,B4,325.0,0.5043963015271175,4.599044397391013
leave_combination_out,B4,shared_combination_curve,B4,350.0,1.2632803259720702,6.891418140306402
leave_combination_out,B4,shared_combination_curve,B4,400.0,7.183518240780345,15.276486557811364
leave_combination_out,B4,factor_surface,B4,250.0,0.0360117218099154,0.20095797521925896
leave_combination_out,B4,factor_surface,B4,275.0,0.0736909688021725,-0.6417205406806614
leave_combination_out,B4,factor_surface,B4,300.0,0.1522567413247973,-0.4248503572403477
leave_combination_out,B4,factor_surface,B4,325.0,0.5043963015271175,0.8515685255401992
leave_combination_out,B4,factor_surface,B4,350.0,1.2632803259720702,3.187536107660981
leave_combination_out,B4,factor_surface,B4,400.0,7.183518240780345,11.038117369923246
leave_combination_out,B5,local_baseline,B5,250.0,0.0912136164788604,0.2761645008507116
leave_combination_out,B5,local_baseline,B5,275.0,0.1939786684011834,0.7266377196953102
leave_combination_out,B5,local_baseline,B5,300.0,0.4603199329738753,1.9413018476780661
leave_combination_out,B5,local_baseline,B5,325.0,1.1437829127991563,6.282419306010862
leave_combination_out,B5,local_baseline,B5,350.0,2.4334242812586555,7.5058721645806585
leave_combination_out,B5,local_baseline,B5,400.0,11.61882000457133,19.13802729977848
leave_combination_out,B5,temperature_only,B5,250.0,0.0912136164788604,0.6584145420974012
leave_combination_out,B5,temperature_only,B5,275.0,0.1939786684011834,0.5592107916132356
leave_combination_out,B5,temperature_only,B5,300.0,0.4603199329738753,1.7720718202992023
leave_combination_out,B5,temperature_only,B5,325.0,1.1437829127991563,4.296997628155302
leave_combination_out,B5,temperature_only,B5,350.0,2.4334242812586555,8.133988215181535
leave_combination_out,B5,temperature_only,B5,400.0,11.61882000457133,19.744163726744404
leave_combination_out,B5,shared_combination_curve,B5,250.0,0.0912136164788604,5.249390272655697
leave_combination_out,B5,shared_combination_curve,B5,275.0,0.1939786684011834,3.7759901761180235
leave_combination_out,B5,shared_combination_curve,B5,300.0,0.4603199329738753,3.5489227195385027
leave_combination_out,B5,shared_combination_curve,B5,325.0,1.1437829127991563,4.568187902917134
leave_combination_out,B5,shared_combination_curve,B5,350.0,2.4334242812586555,6.833785726253914
leave_combination_out,B5,shared_combination_curve,B5,400.0,11.61882000457133,15.103979292801931
leave_combination_out,B5,factor_surface,B5,250.0,0.0912136164788604,-0.13943052841824954
leave_combination_out,B5,factor_surface,B5,275.0,0.1939786684011834,-0.564614531339898
leave_combination_out,B5,factor_surface,B5,300.0,0.4603199329738753,0.0544579398141547
leave_combination_out,B5,factor_surface,B5,325.0,1.1437829127991563,1.7177868850439104
leave_combination_out,B5,factor_surface,B5,350.0,2.4334242812586555,4.42537230434937
leave_combination_out,B5,factor_surface,B5,400.0,11.61882000457133,12.973312565187394
leave_combination_out,B6,local_baseline,B6,250.0,0.124567626533238,0.27449680034799273
leave_combination_out,B6,local_baseline,B6,275.0,0.3597411105044312,0.7183495975901477
leave_combination_out,B6,local_baseline,B6,300.0,1.1067071308541947,1.90898248778405
leave_combination_out,B6,local_baseline,B6,325.0,2.546949639772391,6.126511891902725
leave_combination_out,B6,local_baseline,B6,350.0,6.057638855160788,7.324661435885552
leave_combination_out,B6,local_baseline,B6,400.0,19.27714861525948,18.71256459918469
leave_combination_out,B6,temperature_only,B6,250.0,0.124567626533238,0.6847326729986314
leave_combination_out,B6,temperature_only,B6,275.0,0.3597411105044312,0.5399589821950581
leave_combination_out,B6,temperature_only,B6,300.0,1.1067071308541947,1.6997720520916344
leave_combination_out,B6,temperature_only,B6,325.0,2.546949639772391,4.164171882688362
leave_combination_out,B6,temperature_only,B6,350.0,6.057638855160788,7.933158473985239
leave_combination_out,B6,temperature_only,B6,400.0,19.27714861525948,19.384891938679445
leave_combination_out,B6,shared_combination_curve,B6,250.0,0.124567626533238,5.132813624743144
leave_combination_out,B6,shared_combination_curve,B6,275.0,0.3597411105044312,3.694211074166799
leave_combination_out,B6,shared_combination_curve,B6,300.0,1.1067071308541947,3.475453409221806
leave_combination_out,B6,shared_combination_curve,B6,325.0,2.546949639772391,4.476540629908169
leave_combination_out,B6,shared_combination_curve,B6,350.0,6.057638855160788,6.697472736225886
leave_combination_out,B6,shared_combination_curve,B6,400.0,19.27714861525948,14.79887160575538
leave_combination_out,B6,factor_surface,B6,250.0,0.124567626533238,-0.10880397827901955
leave_combination_out,B6,factor_surface,B6,275.0,0.3597411105044312,-0.07403477391412139
leave_combination_out,B6,factor_surface,B6,300.0,1.1067071308541947,0.9857865660368335
leave_combination_out,B6,factor_surface,B6,325.0,2.546949639772391,3.070660041573842
leave_combination_out,B6,factor_surface,B6,350.0,6.057638855160788,6.180585652696905
leave_combination_out,B6,factor_surface,B6,400.0,19.27714861525948,15.475593281701197
leave_combination_out,B7,local_baseline,B7,250.0,0.17952,0.2717491816746546
leave_combination_out,B7,local_baseline,B7,275.0,0.52298,0.7101876531153694
leave_combination_out,B7,local_baseline,B7,300.0,1.5046199999999998,1.8890868443267597
leave_combination_out,B7,local_baseline,B7,325.0,3.2841000000000005,6.044606296321879
leave_combination_out,B7,local_baseline,B7,350.0,7.5651,7.249288378643591
leave_combination_out,B7,local_baseline,B7,400.0,26.489980000000006,18.311851744476886
leave_combination_out,B7,temperature_only,B7,250.0,0.17952,0.6895360585386126
leave_combination_out,B7,temperature_only,B7,275.0,0.52298,0.5379970213758263
leave_combination_out,B7,temperature_only,B7,300.0,1.5046199999999998,1.672382982245284
leave_combination_out,B7,temperature_only,B7,325.0,3.2841000000000005,4.092693941146987
leave_combination_out,B7,temperature_only,B7,350.0,7.5651,7.798929898080934
leave_combination_out,B7,temperature_only,B7,400.0,26.489980000000006,19.069176806045565
leave_combination_out,B7,shared_combination_curve,B7,250.0,0.17952,5.012609170450509
leave_combination_out,B7,shared_combination_curve,B7,275.0,0.52298,3.6391012339045767
leave_combination_out,B7,shared_combination_curve,B7,300.0,1.5046199999999998,3.4488484683808345
leave_combination_out,B7,shared_combination_curve,B7,325.0,3.2841000000000005,4.441850873879284
leave_combination_out,B7,shared_combination_curve,B7,350.0,7.5651,6.618108450399925
leave_combination_out,B7,shared_combination_curve,B7,400.0,26.489980000000006,14.52038911650778
leave_combination_out,B7,factor_surface,B7,250.0,0.17952,0.14549435671363575
leave_combination_out,B7,factor_surface,B7,275.0,0.52298,0.6855490258028469
leave_combination_out,B7,factor_surface,B7,300.0,1.5046199999999998,2.228827064636925
leave_combination_out,B7,factor_surface,B7,325.0,3.2841000000000005,4.775328473215871
leave_combination_out,B7,factor_surface,B7,350.0,7.5651,8.325053251539686
leave_combination_out,B7,factor_surface,B7,400.0,26.489980000000006,18.434172917421915
leave_temperature_out,250,local_baseline,A1,250.0,0.7038711975827424,-2.6457993359111036
leave_temperature_out,250,local_baseline,A2,250.0,0.8317616003446753,-1.685981833230096
leave_temperature_out,250,local_baseline,A3,250.0,0.5318155126370846,-1.8821655170016987
leave_temperature_out,250,local_baseline,A4,250.0,0.3866654453389684,-1.074234216576713
leave_temperature_out,250,local_baseline,A5,250.0,0.2898287938779265,-0.45343450124111095
leave_temperature_out,250,local_baseline,A6,250.0,0.4418500920350582,-0.0145070340946849
leave_temperature_out,250,local_baseline,A7,250.0,1.130236756570167,0.27608028914154037
leave_temperature_out,250,local_baseline,A8,250.0,0.3527609893506041,-0.32837289591887264
leave_temperature_out,250,local_baseline,A9,250.0,0.1108707268994757,-0.18010343579180887
leave_temperature_out,250,local_baseline,A10,250.0,0.0070072108539497,-0.003047500274488399
leave_temperature_out,250,local_baseline,A11,250.0,0.0002276915544598,-0.018931219688787998
leave_temperature_out,250,local_baseline,A12,250.0,0.0889534664333618,-0.21237143916746548
leave_temperature_out,250,local_baseline,A13,250.0,0.0699066238726971,-0.1667498219004029
leave_temperature_out,250,local_baseline,A14,250.0,0.0471118147757758,-0.09441191561791176
leave_temperature_out,250,local_baseline,B1,250.0,0.0889970914132134,-0.26171772782726704
leave_temperature_out,250,local_baseline,B2,250.0,0.0900745875292054,-0.14241153778728277
leave_temperature_out,250,local_baseline,B3,250.0,0.0112510676017137,-0.021608809294966794
leave_temperature_out,250,local_baseline,B4,250.0,0.0360117218099154,-0.004874803720452292
leave_temperature_out,250,local_baseline,B5,250.0,0.0912136164788604,-0.0723625961715085
leave_temperature_out,250,local_baseline,B6,250.0,0.124567626533238,-0.38722490984533225
leave_temperature_out,250,local_baseline,B7,250.0,0.17952,-0.45865999999999973
leave_temperature_out,250,temperature_only,A1,250.0,0.7038711975827424,2.8246442032853407
leave_temperature_out,250,temperature_only,A2,250.0,0.8317616003446753,2.8246442032853407
leave_temperature_out,250,temperature_only,A3,250.0,0.5318155126370846,2.8246442032853407
leave_temperature_out,250,temperature_only,A4,250.0,0.3866654453389684,2.8246442032853407
leave_temperature_out,250,temperature_only,A5,250.0,0.2898287938779265,2.8246442032853407
leave_temperature_out,250,temperature_only,A6,250.0,0.4418500920350582,2.8246442032853407
leave_temperature_out,250,temperature_only,A7,250.0,1.130236756570167,2.8246442032853407
leave_temperature_out,250,temperature_only,A8,250.0,0.3527609893506041,2.8246442032853407
leave_temperature_out,250,temperature_only,A9,250.0,0.1108707268994757,2.8246442032853407
leave_temperature_out,250,temperature_only,A10,250.0,0.0070072108539497,2.8246442032853407
leave_temperature_out,250,temperature_only,A11,250.0,0.0002276915544598,2.8246442032853407
leave_temperature_out,250,temperature_only,A12,250.0,0.0889534664333618,2.8246442032853407
leave_temperature_out,250,temperature_only,A13,250.0,0.0699066238726971,2.8246442032853407
leave_temperature_out,250,temperature_only,A14,250.0,0.0471118147757758,2.8246442032853407
leave_temperature_out,250,temperature_only,B1,250.0,0.0889970914132134,2.8246442032853407
leave_temperature_out,250,temperature_only,B2,250.0,0.0900745875292054,2.8246442032853407
leave_temperature_out,250,temperature_only,B3,250.0,0.0112510676017137,2.8246442032853407
leave_temperature_out,250,temperature_only,B4,250.0,0.0360117218099154,2.8246442032853407
leave_temperature_out,250,temperature_only,B5,250.0,0.0912136164788604,2.8246442032853407
leave_temperature_out,250,temperature_only,B6,250.0,0.124567626533238,2.8246442032853407
leave_temperature_out,250,temperature_only,B7,250.0,0.17952,2.8246442032853407
leave_temperature_out,250,shared_combination_curve,A1,250.0,0.7038711975827424,1.0385933147943067
leave_temperature_out,250,shared_combination_curve,A2,250.0,0.8317616003446753,-1.6148875798610876
leave_temperature_out,250,shared_combination_curve,A3,250.0,0.5318155126370846,1.9122618117016597
leave_temperature_out,250,shared_combination_curve,A4,250.0,0.3866654453389684,-3.49874359325191
leave_temperature_out,250,shared_combination_curve,A5,250.0,0.2898287938779265,-2.576595873220797
leave_temperature_out,250,shared_combination_curve,A6,250.0,0.4418500920350582,-2.8540722532458256
leave_temperature_out,250,shared_combination_curve,A7,250.0,1.130236756570167,0.8430015249997167
leave_temperature_out,250,shared_combination_curve,A8,250.0,0.3527609893506041,-0.28141146339991696
leave_temperature_out,250,shared_combination_curve,A9,250.0,0.1108707268994757,0.5637108810778546
leave_temperature_out,250,shared_combination_curve,A10,250.0,0.0070072108539497,4.294306082202886
leave_temperature_out,250,shared_combination_curve,A11,250.0,0.0002276915544598,4.401870346160645
leave_temperature_out,250,shared_combination_curve,A12,250.0,0.0889534664333618,0.8996456874503238
leave_temperature_out,250,shared_combination_curve,A13,250.0,0.0699066238726971,2.2280440361542553
leave_temperature_out,250,shared_combination_curve,A14,250.0,0.0471118147757758,1.819947654961596
leave_temperature_out,250,shared_combination_curve,B1,250.0,0.0889970914132134,0.40970397318670937
leave_temperature_out,250,shared_combination_curve,B2,250.0,0.0900745875292054,0.29625013495374475
leave_temperature_out,250,shared_combination_curve,B3,250.0,0.0112510676017137,4.135385174239928
leave_temperature_out,250,shared_combination_curve,B4,250.0,0.0360117218099154,3.264375322758667
leave_temperature_out,250,shared_combination_curve,B5,250.0,0.0912136164788604,2.0134404642037316
leave_temperature_out,250,shared_combination_curve,B6,250.0,0.124567626533238,-0.02310452336204083
leave_temperature_out,250,shared_combination_curve,B7,250.0,0.17952,-2.1939502043220775
leave_temperature_out,250,factor_surface,A1,250.0,0.7038711975827424,-1.6164915538696292
leave_temperature_out,250,factor_surface,A2,250.0,0.8317616003446753,-1.8246129430636984
leave_temperature_out,250,factor_surface,A3,250.0,0.5318155126370846,-1.5114269012787034
leave_temperature_out,250,factor_surface,A4,250.0,0.3866654453389684,-1.5124308592725946
leave_temperature_out,250,factor_surface,A5,250.0,0.2898287938779265,-1.6387293269412897
leave_temperature_out,250,factor_surface,A6,250.0,0.4418500920350582,-2.448977110645904
leave_temperature_out,250,factor_surface,A7,250.0,1.130236756570167,1.1951680160799576
leave_temperature_out,250,factor_surface,A8,250.0,0.3527609893506041,1.1143490525484756
leave_temperature_out,250,factor_surface,A9,250.0,0.1108707268994757,0.9527111254855107
leave_temperature_out,250,factor_surface,A10,250.0,0.0070072108539497,0.12022556870923662
leave_temperature_out,250,factor_surface,A11,250.0,0.0002276915544598,1.5141445152192787
leave_temperature_out,250,factor_surface,A12,250.0,0.0889534664333618,1.009284399957549
leave_temperature_out,250,factor_surface,A13,250.0,0.0699066238726971,1.0745765841712274
leave_temperature_out,250,factor_surface,A14,250.0,0.0471118147757758,0.9439922157438714
leave_temperature_out,250,factor_surface,B1,250.0,0.0889970914132134,-0.10118450298623216
leave_temperature_out,250,factor_surface,B2,250.0,0.0900745875292054,-0.9764431542619576
leave_temperature_out,250,factor_surface,B3,250.0,0.0112510676017137,0.5990224180343491
leave_temperature_out,250,factor_surface,B4,250.0,0.0360117218099154,0.33644482265163056
leave_temperature_out,250,factor_surface,B5,250.0,0.0912136164788604,-0.15775777745826947
leave_temperature_out,250,factor_surface,B6,250.0,0.124567626533238,-0.5388138286240958
leave_temperature_out,250,factor_surface,B7,250.0,0.17952,-0.8713785016710318
leave_temperature_out,275,local_baseline,A1,275.0,2.1902991652609485,3.8651344320078715
leave_temperature_out,275,local_baseline,A2,275.0,2.9713891232742857,4.230260840061671
leave_temperature_out,275,local_baseline,A3,275.0,1.5466496040026507,2.7536401188220423
leave_temperature_out,275,local_baseline,A4,275.0,1.0428267280231072,1.773276558980948
leave_temperature_out,275,local_baseline,A5,275.0,0.8261967187578618,1.1978283663173808
leave_temperature_out,275,local_baseline,A6,275.0,0.907450344598929,1.1356289076638006
leave_temperature_out,275,local_baseline,A7,275.0,1.9053491302678447,2.332427363982158
leave_temperature_out,275,local_baseline,A8,275.0,0.7464857606131791,1.0870527032479176
leave_temperature_out,275,local_baseline,A9,275.0,0.2906489328279964,0.4361360141736387
leave_temperature_out,275,local_baseline,A10,275.0,0.0167549815623875,0.02178233712660655
leave_temperature_out,275,local_baseline,A11,275.0,0.0051631204222278,0.0147425760438517
leave_temperature_out,275,local_baseline,A12,275.0,0.2817114251791775,0.43237387797959115
leave_temperature_out,275,local_baseline,A13,275.0,0.1756757460420076,0.2940039689285576
leave_temperature_out,275,local_baseline,A14,275.0,0.1360382966378235,0.2068001618346673
leave_temperature_out,275,local_baseline,B1,275.0,0.2819778978442618,0.45733530746450196
leave_temperature_out,275,local_baseline,B2,275.0,0.2188122552650808,0.33505531792332494
leave_temperature_out,275,local_baseline,B3,275.0,0.0329130840198322,0.049343022468172446
leave_temperature_out,275,local_baseline,B4,275.0,0.0736909688021725,0.09413423156735634
leave_temperature_out,275,local_baseline,B5,275.0,0.1939786684011834,0.27576677472636785
leave_temperature_out,275,local_baseline,B6,275.0,0.3597411105044312,0.6156373786937164
leave_temperature_out,275,local_baseline,B7,275.0,0.52298,0.84207
leave_temperature_out,275,temperature_only,A1,275.0,2.1902991652609485,0.41558749859601907
leave_temperature_out,275,temperature_only,A2,275.0,2.9713891232742857,0.41558749859601907
leave_temperature_out,275,temperature_only,A3,275.0,1.5466496040026507,0.41558749859601907
leave_temperature_out,275,temperature_only,A4,275.0,1.0428267280231072,0.41558749859601907
leave_temperature_out,275,temperature_only,A5,275.0,0.8261967187578618,0.41558749859601907
leave_temperature_out,275,temperature_only,A6,275.0,0.907450344598929,0.41558749859601907
leave_temperature_out,275,temperature_only,A7,275.0,1.9053491302678447,0.41558749859601907
leave_temperature_out,275,temperature_only,A8,275.0,0.7464857606131791,0.41558749859601907
leave_temperature_out,275,temperature_only,A9,275.0,0.2906489328279964,0.41558749859601907
leave_temperature_out,275,temperature_only,A10,275.0,0.0167549815623875,0.41558749859601907
leave_temperature_out,275,temperature_only,A11,275.0,0.0051631204222278,0.41558749859601907
leave_temperature_out,275,temperature_only,A12,275.0,0.2817114251791775,0.41558749859601907
leave_temperature_out,275,temperature_only,A13,275.0,0.1756757460420076,0.41558749859601907
leave_temperature_out,275,temperature_only,A14,275.0,0.1360382966378235,0.41558749859601907
leave_temperature_out,275,temperature_only,B1,275.0,0.2819778978442618,0.41558749859601907
leave_temperature_out,275,temperature_only,B2,275.0,0.2188122552650808,0.41558749859601907
leave_temperature_out,275,temperature_only,B3,275.0,0.0329130840198322,0.41558749859601907
leave_temperature_out,275,temperature_only,B4,275.0,0.0736909688021725,0.41558749859601907
leave_temperature_out,275,temperature_only,B5,275.0,0.1939786684011834,0.41558749859601907
leave_temperature_out,275,temperature_only,B6,275.0,0.3597411105044312,0.41558749859601907
leave_temperature_out,275,temperature_only,B7,275.0,0.52298,0.41558749859601907
leave_temperature_out,275,shared_combination_curve,A1,275.0,2.1902991652609485,3.2074726439159145
leave_temperature_out,275,shared_combination_curve,A2,275.0,2.9713891232742857,4.541620420246423
leave_temperature_out,275,shared_combination_curve,A3,275.0,1.5466496040026507,3.9586970418855567
leave_temperature_out,275,shared_combination_curve,A4,275.0,1.0428267280231072,1.1164997849330858
leave_temperature_out,275,shared_combination_curve,A5,275.0,0.8261967187578618,-0.21524665353147565
leave_temperature_out,275,shared_combination_curve,A6,275.0,0.907450344598929,0.07854935599414592
leave_temperature_out,275,shared_combination_curve,A7,275.0,1.9053491302678447,1.8994465979167696
leave_temperature_out,275,shared_combination_curve,A8,275.0,0.7464857606131791,0.6897391077522883
leave_temperature_out,275,shared_combination_curve,A9,275.0,0.2906489328279964,-0.0503912158184443
leave_temperature_out,275,shared_combination_curve,A10,275.0,0.0167549815623875,-0.23017483931482374
leave_temperature_out,275,shared_combination_curve,A11,275.0,0.0051631204222278,-0.21194961851746985
leave_temperature_out,275,shared_combination_curve,A12,275.0,0.2817114251791775,0.024355004506827704
leave_temperature_out,275,shared_combination_curve,A13,275.0,0.1756757460420076,0.017568250469762958
leave_temperature_out,275,shared_combination_curve,A14,275.0,0.1360382966378235,-0.1896790615294517
leave_temperature_out,275,shared_combination_curve,B1,275.0,0.2819778978442618,0.04254986782401726
leave_temperature_out,275,shared_combination_curve,B2,275.0,0.2188122552650808,-0.19405305953588758
leave_temperature_out,275,shared_combination_curve,B3,275.0,0.0329130840198322,0.085662640336162
leave_temperature_out,275,shared_combination_curve,B4,275.0,0.0736909688021725,-0.04254014830914876
leave_temperature_out,275,shared_combination_curve,B5,275.0,0.1939786684011834,-0.10726438397911497
leave_temperature_out,275,shared_combination_curve,B6,275.0,0.3597411105044312,-0.015310692154231198
leave_temperature_out,275,shared_combination_curve,B7,275.0,0.52298,-0.255356106311754
leave_temperature_out,275,factor_surface,A1,275.0,2.1902991652609485,2.3636055935699734
leave_temperature_out,275,factor_surface,A2,275.0,2.9713891232742857,1.8451529201903707
leave_temperature_out,275,factor_surface,A3,275.0,1.5466496040026507,2.829054030588889
leave_temperature_out,275,factor_surface,A4,275.0,1.0428267280231072,2.6228319302597747
leave_temperature_out,275,factor_surface,A5,275.0,0.8261967187578618,2.6686386164546043
leave_temperature_out,275,factor_surface,A6,275.0,0.907450344598929,0.28979490005156094
leave_temperature_out,275,factor_surface,A7,275.0,1.9053491302678447,1.4619426377155635
leave_temperature_out,275,factor_surface,A8,275.0,0.7464857606131791,1.1039053784702446
leave_temperature_out,275,factor_surface,A9,275.0,0.2906489328279964,0.387830859979605
leave_temperature_out,275,factor_surface,A10,275.0,0.0167549815623875,-1.6859798335388057
leave_temperature_out,275,factor_surface,A11,275.0,0.0051631204222278,-1.0947621685288205
leave_temperature_out,275,factor_surface,A12,275.0,0.2817114251791775,0.638456941451329
leave_temperature_out,275,factor_surface,A13,275.0,0.1756757460420076,0.669461395544003
leave_temperature_out,275,factor_surface,A14,275.0,0.1360382966378235,0.6074524873586533
leave_temperature_out,275,factor_surface,B1,275.0,0.2819778978442618,-0.5263709572052893
leave_temperature_out,275,factor_surface,B2,275.0,0.2188122552650808,0.04867859350092374
leave_temperature_out,275,factor_surface,B3,275.0,0.0329130840198322,-0.9864105977702611
leave_temperature_out,275,factor_surface,B4,275.0,0.0736909688021725,-0.8138957325583966
leave_temperature_out,275,factor_surface,B5,275.0,0.1939786684011834,-0.7769970386770151
leave_temperature_out,275,factor_surface,B6,275.0,0.3597411105044312,-0.23884618185218365
leave_temperature_out,275,factor_surface,B7,275.0,0.52298,0.5141270305198393
leave_temperature_out,300,local_baseline,A1,300.0,7.026397666433001,5.985967318151107
leave_temperature_out,300,local_baseline,A2,300.0,7.628760079778667,10.117849223328534
leave_temperature_out,300,local_baseline,A3,300.0,4.975464725007,6.169695787267475
leave_temperature_out,300,local_baseline,A4,300.0,3.1598876726229275,4.613518359677669
leave_temperature_out,300,local_baseline,A5,300.0,2.1058279387568346,2.3776761505733814
leave_temperature_out,300,local_baseline,A6,300.0,1.829407723292543,2.584270363460878
leave_temperature_out,300,local_baseline,A7,300.0,3.534617971394149,4.911556553356588
leave_temperature_out,300,local_baseline,A8,300.0,1.8213444171452309,3.2351503813937885
leave_temperature_out,300,local_baseline,A9,300.0,0.7614013014478017,1.5794686139110279
leave_temperature_out,300,local_baseline,A10,300.0,0.0365574633992634,0.110377237932493
leave_temperature_out,300,local_baseline,A11,300.0,0.0292574605332436,0.12245200662282658
leave_temperature_out,300,local_baseline,A12,300.0,0.7757942895258205,1.665300103046655
leave_temperature_out,300,local_baseline,A13,300.0,0.5181013139844182,1.2618694341611134
leave_temperature_out,300,local_baseline,A14,300.0,0.3664885088935588,0.9582437355980273
leave_temperature_out,300,local_baseline,B1,300.0,0.8256735235157906,1.8595237664776472
leave_temperature_out,300,local_baseline,B2,300.0,0.5800360483174444,1.3804058186928403
leave_temperature_out,300,local_baseline,B3,300.0,0.0874349773346312,0.14359427907030003
leave_temperature_out,300,local_baseline,B4,300.0,0.1522567413247973,0.289043635164645
leave_temperature_out,300,local_baseline,B5,300.0,0.4603199329738753,0.6688807906001699
leave_temperature_out,300,local_baseline,B6,300.0,1.1067071308541947,1.4533453751384113
leave_temperature_out,300,local_baseline,B7,300.0,1.5046199999999998,1.9035400000000002
leave_temperature_out,300,temperature_only,A1,300.0,7.026397666433001,1.5228755719233789
leave_temperature_out,300,temperature_only,A2,300.0,7.628760079778667,1.5228755719233789
leave_temperature_out,300,temperature_only,A3,300.0,4.975464725007,1.5228755719233789
leave_temperature_out,300,temperature_only,A4,300.0,3.1598876726229275,1.5228755719233789
leave_temperature_out,300,temperature_only,A5,300.0,2.1058279387568346,1.5228755719233789
leave_temperature_out,300,temperature_only,A6,300.0,1.829407723292543,1.5228755719233789
leave_temperature_out,300,temperature_only,A7,300.0,3.534617971394149,1.5228755719233789
leave_temperature_out,300,temperature_only,A8,300.0,1.8213444171452309,1.5228755719233789
leave_temperature_out,300,temperature_only,A9,300.0,0.7614013014478017,1.5228755719233789
leave_temperature_out,300,temperature_only,A10,300.0,0.0365574633992634,1.5228755719233789
leave_temperature_out,300,temperature_only,A11,300.0,0.0292574605332436,1.5228755719233789
leave_temperature_out,300,temperature_only,A12,300.0,0.7757942895258205,1.5228755719233789
leave_temperature_out,300,temperature_only,A13,300.0,0.5181013139844182,1.5228755719233789
leave_temperature_out,300,temperature_only,A14,300.0,0.3664885088935588,1.5228755719233789
leave_temperature_out,300,temperature_only,B1,300.0,0.8256735235157906,1.5228755719233789
leave_temperature_out,300,temperature_only,B2,300.0,0.5800360483174444,1.5228755719233789
leave_temperature_out,300,temperature_only,B3,300.0,0.0874349773346312,1.5228755719233789
leave_temperature_out,300,temperature_only,B4,300.0,0.1522567413247973,1.5228755719233789
leave_temperature_out,300,temperature_only,B5,300.0,0.4603199329738753,1.5228755719233789
leave_temperature_out,300,temperature_only,B6,300.0,1.1067071308541947,1.5228755719233789
leave_temperature_out,300,temperature_only,B7,300.0,1.5046199999999998,1.5228755719233789
leave_temperature_out,300,shared_combination_curve,A1,300.0,7.026397666433001,5.636915618811644
leave_temperature_out,300,shared_combination_curve,A2,300.0,7.628760079778667,9.434977192810308
leave_temperature_out,300,shared_combination_curve,A3,300.0,4.975464725007,7.113978954236358
leave_temperature_out,300,shared_combination_curve,A4,300.0,3.1598876726229275,5.517981202306204
leave_temperature_out,300,shared_combination_curve,A5,300.0,2.1058279387568346,2.7530868384623775
leave_temperature_out,300,shared_combination_curve,A6,300.0,1.829407723292543,3.4705585492416935
leave_temperature_out,300,shared_combination_curve,A7,300.0,3.534617971394149,4.162490273448962
leave_temperature_out,300,shared_combination_curve,A8,300.0,1.8213444171452309,2.821599261067081
leave_temperature_out,300,shared_combination_curve,A9,300.0,0.7614013014478017,1.0724668138820892
leave_temperature_out,300,shared_combination_curve,A10,300.0,0.0365574633992634,-1.5830458625793504
leave_temperature_out,300,shared_combination_curve,A11,300.0,0.0292574605332436,-1.6229077598593058
leave_temperature_out,300,shared_combination_curve,A12,300.0,0.7757942895258205,0.9892895433427258
leave_temperature_out,300,shared_combination_curve,A13,300.0,0.5181013139844182,0.1270297210396647
leave_temperature_out,300,shared_combination_curve,A14,300.0,0.3664885088935588,0.051121171462499504
leave_temperature_out,300,shared_combination_curve,B1,300.0,0.8256735235157906,1.3222501237247082
leave_temperature_out,300,shared_combination_curve,B2,300.0,0.5800360483174444,1.000463579064471
leave_temperature_out,300,shared_combination_curve,B3,300.0,0.0874349773346312,-0.9609126834894015
leave_temperature_out,300,shared_combination_curve,B4,300.0,0.1522567413247973,-0.6255665820994114
leave_temperature_out,300,shared_combination_curve,B5,300.0,0.4603199329738753,0.04685586216293558
leave_temperature_out,300,shared_combination_curve,B6,300.0,1.1067071308541947,1.4632851155175786
leave_temperature_out,300,shared_combination_curve,B7,300.0,1.5046199999999998,2.4296933379617958
leave_temperature_out,300,factor_surface,A1,300.0,7.026397666433001,6.103857727008054
leave_temperature_out,300,factor_surface,A2,300.0,7.628760079778667,5.430044691203102
leave_temperature_out,300,factor_surface,A3,300.0,4.975464725007,6.704347711893836
leave_temperature_out,300,factor_surface,A4,300.0,3.1598876726229275,6.440764244910529
leave_temperature_out,300,factor_surface,A5,300.0,2.1058279387568346,6.492450049077948
leave_temperature_out,300,factor_surface,A6,300.0,1.829407723292543,3.408605583788253
leave_temperature_out,300,factor_surface,A7,300.0,3.534617971394149,2.4909059595183454
leave_temperature_out,300,factor_surface,A8,300.0,1.8213444171452309,2.028990586529283
leave_temperature_out,300,factor_surface,A9,300.0,0.7614013014478017,1.1051598405511571
leave_temperature_out,300,factor_surface,A10,300.0,0.0365574633992634,-1.5900923026686442
leave_temperature_out,300,factor_surface,A11,300.0,0.0292574605332436,-1.9824641838301513
leave_temperature_out,300,factor_surface,A12,300.0,0.7757942895258205,1.428500601643501
leave_temperature_out,300,factor_surface,A13,300.0,0.5181013139844182,1.443233204209112
leave_temperature_out,300,factor_surface,A14,300.0,0.3664885088935588,1.4137679990778906
leave_temperature_out,300,factor_surface,B1,300.0,0.8256735235157906,0.25460873180513754
leave_temperature_out,300,factor_surface,B2,300.0,0.5800360483174444,1.8130611069266545
leave_temperature_out,300,factor_surface,B3,300.0,0.0874349773346312,-0.9921531682920763
leave_temperature_out,300,factor_surface,B4,300.0,0.1522567413247973,-0.5246174557556209
leave_temperature_out,300,factor_surface,B5,300.0,0.4603199329738753,-0.06873202928720712
leave_temperature_out,300,factor_surface,B6,300.0,1.1067071308541947,1.033834919365895
leave_temperature_out,300,factor_surface,B7,300.0,1.5046199999999998,2.4135510918124368
leave_temperature_out,325,local_baseline,A1,325.0,9.781635471041264,12.20007888928431
leave_temperature_out,325,local_baseline,A2,325.0,17.264309323382783,17.084782358158947
leave_temperature_out,325,local_baseline,A3,325.0,10.7927419705323,11.504382838975104
leave_temperature_out,325,local_baseline,A4,325.0,8.184209991332231,9.818767199359398
leave_temperature_out,325,local_baseline,A5,325.0,3.929155582388901,4.503999495711708
leave_temperature_out,325,local_baseline,B3,325.0,0.2542754741207679,0.45872867299730874
leave_temperature_out,325,local_baseline,B4,325.0,0.5043963015271175,0.7077685336484337
leave_temperature_out,325,local_baseline,B5,325.0,1.1437829127991563,1.4468721071162656
leave_temperature_out,325,local_baseline,B6,325.0,2.546949639772391,3.5821729930074917
leave_temperature_out,325,local_baseline,B7,325.0,3.2841000000000005,4.53486
leave_temperature_out,325,temperature_only,A1,325.0,9.781635471041264,3.686532762821402
leave_temperature_out,325,temperature_only,A2,325.0,17.264309323382783,3.686532762821402
leave_temperature_out,325,temperature_only,A3,325.0,10.7927419705323,3.686532762821402
leave_temperature_out,325,temperature_only,A4,325.0,8.184209991332231,3.686532762821402
leave_temperature_out,325,temperature_only,A5,325.0,3.929155582388901,3.686532762821402
leave_temperature_out,325,temperature_only,B3,325.0,0.2542754741207679,3.686532762821402
leave_temperature_out,325,temperature_only,B4,325.0,0.5043963015271175,3.686532762821402
leave_temperature_out,325,temperature_only,B5,325.0,1.1437829127991563,3.686532762821402
leave_temperature_out,325,temperature_only,B6,325.0,2.546949639772391,3.686532762821402
leave_temperature_out,325,temperature_only,B7,325.0,3.2841000000000005,3.686532762821402
leave_temperature_out,325,shared_combination_curve,A1,325.0,9.781635471041264,9.995380259958345
leave_temperature_out,325,shared_combination_curve,A2,325.0,17.264309323382783,14.453760842440001
leave_temperature_out,325,shared_combination_curve,A3,325.0,10.7927419705323,11.304517711307284
leave_temperature_out,325,shared_combination_curve,A4,325.0,8.184209991332231,10.574789347194564
leave_temperature_out,325,shared_combination_curve,A5,325.0,3.929155582388901,6.730316916509214
leave_temperature_out,325,shared_combination_curve,B3,325.0,0.2542754741207679,-0.7112446015547631
leave_temperature_out,325,shared_combination_curve,B4,325.0,0.5043963015271175,0.02490495804287196
leave_temperature_out,325,shared_combination_curve,B5,325.0,1.1437829127991563,1.36978243694558
leave_temperature_out,325,shared_combination_curve,B6,325.0,2.546949639772391,4.021426707198408
leave_temperature_out,325,shared_combination_curve,B7,325.0,3.2841000000000005,6.100115570149872
leave_temperature_out,325,factor_surface,A1,325.0,9.781635471041264,10.585994947572953
leave_temperature_out,325,factor_surface,A2,325.0,17.264309323382783,9.74358414039062
leave_temperature_out,325,factor_surface,A3,325.0,10.7927419705323,11.431960864310266
leave_temperature_out,325,factor_surface,A4,325.0,8.184209991332231,11.00720035116412
leave_temperature_out,325,factor_surface,A5,325.0,3.929155582388901,11.240293070002789
leave_temperature_out,325,factor_surface,B3,325.0,0.2542754741207679,0.09415020614428204
leave_temperature_out,325,factor_surface,B4,325.0,0.5043963015271175,0.8302774626319751
leave_temperature_out,325,factor_surface,B5,325.0,1.1437829127991563,1.6016361144323978
leave_temperature_out,325,factor_surface,B6,325.0,2.546949639772391,3.2840349842576195
leave_temperature_out,325,factor_surface,B7,325.0,3.2841000000000005,5.3568796618077545
leave_temperature_out,350,local_baseline,A1,350.0,17.37376011213562,12.536873275649528
leave_temperature_out,350,local_baseline,A2,350.0,26.54080463653922,26.8998585669869
leave_temperature_out,350,local_baseline,A3,350.0,18.03330095294321,22.10451457238723
leave_temperature_out,350,local_baseline,A4,350.0,16.47764672609587,17.548746357861894
leave_temperature_out,350,local_baseline,A5,350.0,6.902171052666581,12.306897663667565
leave_temperature_out,350,local_baseline,A6,350.0,5.937910401184776,16.471536420874738
leave_temperature_out,350,local_baseline,A7,350.0,10.923971399534077,14.406866928571215
leave_temperature_out,350,local_baseline,A8,350.0,8.212479622955009,12.53237653784688
leave_temperature_out,350,local_baseline,A9,350.0,4.157107976077091,8.956264292283363
leave_temperature_out,350,local_baseline,A10,350.0,0.297621750672704,1.489460136149921
leave_temperature_out,350,local_baseline,A11,350.0,0.3570297790240241,1.3069609305945262
leave_temperature_out,350,local_baseline,A12,350.0,4.4324774587816105,8.470993607188642
leave_temperature_out,350,local_baseline,A13,350.0,3.4342568103993254,5.847631040321106
leave_temperature_out,350,local_baseline,A14,350.0,2.6026546135184345,6.1613453946132655
leave_temperature_out,350,local_baseline,B1,350.0,5.014615503744418,9.367341039354214
leave_temperature_out,350,local_baseline,B2,350.0,3.703592945548359,9.02368678663201
leave_temperature_out,350,local_baseline,B3,350.0,0.8300223686599864,1.6612961958535486
leave_temperature_out,350,local_baseline,B4,350.0,1.2632803259720702,2.7307702812781933
leave_temperature_out,350,local_baseline,B5,350.0,2.4334242812586555,4.63546194338988
leave_temperature_out,350,local_baseline,B6,350.0,6.057638855160788,8.123682631601422
leave_temperature_out,350,local_baseline,B7,350.0,7.5651,11.019393333333337
leave_temperature_out,350,temperature_only,A1,350.0,17.37376011213562,8.241854951222221
leave_temperature_out,350,temperature_only,A2,350.0,26.54080463653922,8.241854951222221
leave_temperature_out,350,temperature_only,A3,350.0,18.03330095294321,8.241854951222221
leave_temperature_out,350,temperature_only,A4,350.0,16.47764672609587,8.241854951222221
leave_temperature_out,350,temperature_only,A5,350.0,6.902171052666581,8.241854951222221
leave_temperature_out,350,temperature_only,A6,350.0,5.937910401184776,8.241854951222221
leave_temperature_out,350,temperature_only,A7,350.0,10.923971399534077,8.241854951222221
leave_temperature_out,350,temperature_only,A8,350.0,8.212479622955009,8.241854951222221
leave_temperature_out,350,temperature_only,A9,350.0,4.157107976077091,8.241854951222221
leave_temperature_out,350,temperature_only,A10,350.0,0.297621750672704,8.241854951222221
leave_temperature_out,350,temperature_only,A11,350.0,0.3570297790240241,8.241854951222221
leave_temperature_out,350,temperature_only,A12,350.0,4.4324774587816105,8.241854951222221
leave_temperature_out,350,temperature_only,A13,350.0,3.4342568103993254,8.241854951222221
leave_temperature_out,350,temperature_only,A14,350.0,2.6026546135184345,8.241854951222221
leave_temperature_out,350,temperature_only,B1,350.0,5.014615503744418,8.241854951222221
leave_temperature_out,350,temperature_only,B2,350.0,3.703592945548359,8.241854951222221
leave_temperature_out,350,temperature_only,B3,350.0,0.8300223686599864,8.241854951222221
leave_temperature_out,350,temperature_only,B4,350.0,1.2632803259720702,8.241854951222221
leave_temperature_out,350,temperature_only,B5,350.0,2.4334242812586555,8.241854951222221
leave_temperature_out,350,temperature_only,B6,350.0,6.057638855160788,8.241854951222221
leave_temperature_out,350,temperature_only,B7,350.0,7.5651,8.241854951222221
leave_temperature_out,350,shared_combination_curve,A1,350.0,17.37376011213562,12.467871166878183
leave_temperature_out,350,shared_combination_curve,A2,350.0,26.54080463653922,17.635910970205952
leave_temperature_out,350,shared_combination_curve,A3,350.0,18.03330095294321,17.06083277698908
leave_temperature_out,350,shared_combination_curve,A4,350.0,16.47764672609587,16.485003416893164
leave_temperature_out,350,shared_combination_curve,A5,350.0,6.902171052666581,12.413457822922162
leave_temperature_out,350,shared_combination_curve,A6,350.0,5.937910401184776,14.42993223510003
leave_temperature_out,350,shared_combination_curve,A7,350.0,10.923971399534077,12.08792948683308
leave_temperature_out,350,shared_combination_curve,A8,350.0,8.212479622955009,10.540289446634883
leave_temperature_out,350,shared_combination_curve,A9,350.0,4.157107976077091,7.26054955831342
leave_temperature_out,350,shared_combination_curve,A10,350.0,0.297621750672704,0.09922254580577317
leave_temperature_out,350,shared_combination_curve,A11,350.0,0.3570297790240241,-0.07970090351109427
leave_temperature_out,350,shared_combination_curve,A12,350.0,4.4324774587816105,6.777742736597315
leave_temperature_out,350,shared_combination_curve,A13,350.0,3.4342568103993254,4.262331390276119
leave_temperature_out,350,shared_combination_curve,A14,350.0,2.6026546135184345,4.607059439313732
leave_temperature_out,350,shared_combination_curve,B1,350.0,5.014615503744418,7.643019717108906
leave_temperature_out,350,shared_combination_curve,B2,350.0,3.703592945548359,7.368007673206923
leave_temperature_out,350,shared_combination_curve,B3,350.0,0.8300223686599864,1.1220080124484868
leave_temperature_out,350,shared_combination_curve,B4,350.0,1.2632803259720702,2.3040527017303223
leave_temperature_out,350,shared_combination_curve,B5,350.0,2.4334242812586555,4.325438650225515
leave_temperature_out,350,shared_combination_curve,B6,350.0,6.057638855160788,7.892939454325362
leave_temperature_out,350,shared_combination_curve,B7,350.0,7.5651,11.095291522484889
leave_temperature_out,350,factor_surface,A1,350.0,17.37376011213562,16.416841878971006
leave_temperature_out,350,factor_surface,A2,350.0,26.54080463653922,15.632987802242617
leave_temperature_out,350,factor_surface,A3,350.0,18.03330095294321,17.27667964059273
leave_temperature_out,350,factor_surface,A4,350.0,16.47764672609587,16.8087689173352
leave_temperature_out,350,factor_surface,A5,350.0,6.902171052666581,17.154239226650287
leave_temperature_out,350,factor_surface,A6,350.0,5.937910401184776,13.281425572057456
leave_temperature_out,350,factor_surface,A7,350.0,10.923971399534077,7.946402151448977
leave_temperature_out,350,factor_surface,A8,350.0,8.212479622955009,7.284988488663035
leave_temperature_out,350,factor_surface,A9,350.0,4.157107976077091,5.9621611630911495
leave_temperature_out,350,factor_surface,A10,350.0,0.297621750672704,2.8267448561776023
leave_temperature_out,350,factor_surface,A11,350.0,0.3570297790240241,0.2191373877588827
leave_temperature_out,350,factor_surface,A12,350.0,4.4324774587816105,6.425150727041309
leave_temperature_out,350,factor_surface,A13,350.0,3.4342568103993254,6.4038740076813685
leave_temperature_out,350,factor_surface,A14,350.0,2.6026546135184345,6.446427446401252
leave_temperature_out,350,factor_surface,B1,350.0,5.014615503744418,5.304952054170033
leave_temperature_out,350,factor_surface,B2,350.0,3.703592945548359,8.63551577147993
leave_temperature_out,350,factor_surface,B3,350.0,0.8300223686599864,2.640501080322114
leave_temperature_out,350,factor_surface,B4,350.0,1.2632803259720702,3.639670195515084
leave_temperature_out,350,factor_surface,B5,350.0,2.4334242812586555,4.841962490219873
leave_temperature_out,350,factor_surface,B6,350.0,6.057638855160788,6.970233912824982
leave_temperature_out,350,factor_surface,B7,350.0,7.5651,9.495353533101657
leave_temperature_out,400,local_baseline,A3,400.0,44.72805977609709,30.57587131017506
leave_temperature_out,400,local_baseline,A4,400.0,36.27781909092121,33.064520195623146
leave_temperature_out,400,local_baseline,A5,400.0,29.062381826224893,12.848201993221942
leave_temperature_out,400,local_baseline,A6,400.0,31.11366511845693,10.04641307907701
leave_temperature_out,400,local_baseline,A7,400.0,25.279115885748283,18.313324827674005
leave_temperature_out,400,local_baseline,A8,400.0,23.243408658548528,14.603614828764787
leave_temperature_out,400,local_baseline,A9,400.0,17.151127283118925,7.552814650706381
leave_temperature_out,400,local_baseline,A10,400.0,2.9423628089005787,0.5586860379461447
leave_temperature_out,400,local_baseline,A11,400.0,2.5846644006558086,0.6848020975148046
leave_temperature_out,400,local_baseline,A12,400.0,16.166192924851465,8.089160628037401
leave_temperature_out,400,local_baseline,A13,400.0,11.177160766657794,6.350412306814233
leave_temperature_out,400,local_baseline,A14,400.0,11.956202280332972,4.83882071814331
leave_temperature_out,400,local_baseline,B1,400.0,17.909008555192635,9.203557483973045
leave_temperature_out,400,local_baseline,B2,400.0,17.46733752494658,6.827149842779274
leave_temperature_out,400,local_baseline,B3,400.0,4.47533763931911,1.9815161577384233
leave_temperature_out,400,local_baseline,B4,400.0,7.183518240780345,2.7810483748619754
leave_temperature_out,400,local_baseline,B5,400.0,11.61882000457133,5.012707018177654
leave_temperature_out,400,local_baseline,B6,400.0,19.27714861525948,13.079017285937582
leave_temperature_out,400,local_baseline,B7,400.0,26.489980000000006,16.1271
leave_temperature_out,400,temperature_only,A3,400.0,44.72805977609709,21.22059410106157
leave_temperature_out,400,temperature_only,A4,400.0,36.27781909092121,21.22059410106157
leave_temperature_out,400,temperature_only,A5,400.0,29.062381826224893,21.22059410106157
leave_temperature_out,400,temperature_only,A6,400.0,31.11366511845693,21.22059410106157
leave_temperature_out,400,temperature_only,A7,400.0,25.279115885748283,21.22059410106157
leave_temperature_out,400,temperature_only,A8,400.0,23.243408658548528,21.22059410106157
leave_temperature_out,400,temperature_only,A9,400.0,17.151127283118925,21.22059410106157
leave_temperature_out,400,temperature_only,A10,400.0,2.9423628089005787,21.22059410106157
leave_temperature_out,400,temperature_only,A11,400.0,2.5846644006558086,21.22059410106157
leave_temperature_out,400,temperature_only,A12,400.0,16.166192924851465,21.22059410106157
leave_temperature_out,400,temperature_only,A13,400.0,11.177160766657794,21.22059410106157
leave_temperature_out,400,temperature_only,A14,400.0,11.956202280332972,21.22059410106157
leave_temperature_out,400,temperature_only,B1,400.0,17.909008555192635,21.22059410106157
leave_temperature_out,400,temperature_only,B2,400.0,17.46733752494658,21.22059410106157
leave_temperature_out,400,temperature_only,B3,400.0,4.47533763931911,21.22059410106157
leave_temperature_out,400,temperature_only,B4,400.0,7.183518240780345,21.22059410106157
leave_temperature_out,400,temperature_only,B5,400.0,11.61882000457133,21.22059410106157
leave_temperature_out,400,temperature_only,B6,400.0,19.27714861525948,21.22059410106157
leave_temperature_out,400,temperature_only,B7,400.0,26.489980000000006,21.22059410106157
leave_temperature_out,400,shared_combination_curve,A3,400.0,44.72805977609709,28.151213015674994
leave_temperature_out,400,shared_combination_curve,A4,400.0,36.27781909092121,26.474155949137238
leave_temperature_out,400,shared_combination_curve,A5,400.0,29.062381826224893,14.531533752510494
leave_temperature_out,400,shared_combination_curve,A6,400.0,31.11366511845693,13.183546751699728
leave_temperature_out,400,shared_combination_curve,A7,400.0,25.279115885748283,19.787426421276887
leave_temperature_out,400,shared_combination_curve,A8,400.0,23.243408658548528,16.218867184838754
leave_temperature_out,400,shared_combination_curve,A9,400.0,17.151127283118925,10.739010341301231
leave_temperature_out,400,shared_combination_curve,A10,400.0,2.9423628089005787,5.533984340833015
leave_temperature_out,400,shared_combination_curve,A11,400.0,2.5846644006558086,5.614151219027198
leave_temperature_out,400,shared_combination_curve,A12,400.0,16.166192924851465,11.117334582592331
leave_temperature_out,400,shared_combination_curve,A13,400.0,11.177160766657794,9.745236378255935
leave_temperature_out,400,shared_combination_curve,A14,400.0,11.956202280332972,8.623412154866712
leave_temperature_out,400,shared_combination_curve,B1,400.0,17.909008555192635,11.894811629061408
leave_temperature_out,400,shared_combination_curve,B2,400.0,17.46733752494658,10.102282987493604
leave_temperature_out,400,shared_combination_curve,B3,400.0,4.47533763931911,6.381473930031223
leave_temperature_out,400,shared_combination_curve,B4,400.0,7.183518240780345,6.94078807914544
leave_temperature_out,400,shared_combination_curve,B5,400.0,11.61882000457133,8.46092114734072
leave_temperature_out,400,shared_combination_curve,B6,400.0,19.27714861525948,12.893243866061919
leave_temperature_out,400,shared_combination_curve,B7,400.0,26.489980000000006,14.809011889405161
leave_temperature_out,400,factor_surface,A3,400.0,44.72805977609709,27.815989352497517
leave_temperature_out,400,factor_surface,A4,400.0,36.27781909092121,30.039601663106524
leave_temperature_out,400,factor_surface,A5,400.0,29.062381826224893,24.55990854103407
leave_temperature_out,400,factor_surface,A6,400.0,31.11366511845693,18.737329976455715
leave_temperature_out,400,factor_surface,A7,400.0,25.279115885748283,11.971488496625723
leave_temperature_out,400,factor_surface,A8,400.0,23.243408658548528,12.715953377722325
leave_temperature_out,400,factor_surface,A9,400.0,17.151127283118925,14.204883139915529
leave_temperature_out,400,factor_surface,A10,400.0,2.9423628089005787,4.158419418448146
leave_temperature_out,400,factor_surface,A11,400.0,2.5846644006558086,6.111236362659781
leave_temperature_out,400,factor_surface,A12,400.0,16.166192924851465,13.683757723147908
leave_temperature_out,400,factor_surface,A13,400.0,11.177160766657794,13.749886750069512
leave_temperature_out,400,factor_surface,A14,400.0,11.956202280332972,13.617628696226301
leave_temperature_out,400,factor_surface,B1,400.0,17.909008555192635,9.745634517538639
leave_temperature_out,400,factor_surface,B2,400.0,17.46733752494658,14.778979842463702
leave_temperature_out,400,factor_surface,B3,400.0,4.47533763931911,5.718958257598587
leave_temperature_out,400,factor_surface,B4,400.0,7.183518240780345,7.228961855076106
leave_temperature_out,400,factor_surface,B5,400.0,11.61882000457133,10.266759934306261
leave_temperature_out,400,factor_surface,B6,400.0,19.27714861525948,12.262307180001171
leave_temperature_out,400,factor_surface,B7,400.0,26.489980000000006,13.81117549703812
leave_temperature_out,450,local_baseline,A3,450.0,43.118441667406906,71.42281859925097
leave_temperature_out,450,temperature_only,A3,450.0,43.118441667406906,33.380383179284145
leave_temperature_out,450,shared_combination_curve,A3,450.0,43.118441667406906,68.03476888071705
leave_temperature_out,450,factor_surface,A3,450.0,43.118441667406906,60.837410450871765
